AccountWeeks,ContractRenewal,DataPlan,DataUsage,CustServCalls,DayMins,DayCalls,MonthlyCharge,OverageFee,RoamMins
60,1,0,0.0,0,207.8,109,46.0,6.18,5.7
72,1,0,0.0,2,137.6,106,36.0,7.18,9.6
70,1,0,0.0,2,198.6,111,52.0,10.7,10.6
67,1,1,3.62,0,174.7,86,80.2,8.03,13.4
83,1,0,0.0,1,78.1,70,34.0,11.97,12.3
102,0,0,0.0,3,224.2,81,59.0,12.17,12.0
48,1,0,0.0,2,210.8,84,52.0,9.48,16.4
96,1,1,3.0,2,175.8,96,78.0,10.33,11.1
98,1,1,2.16,6,168.0,81,64.6,8.16,8.0
36,1,0,0.0,1,178.6,83,49.0,10.66,10.9
101,1,0,0.31,3,136.2,92,45.1,11.05,13.3
80,1,0,0.24,1,197.5,114,54.4,10.35,11.3
64,1,0,0.24,1,154.0,67,48.4,11.29,3.5
131,1,0,0.33,0,211.8,115,62.3,13.03,10.8
132,1,1,1.92,2,113.2,96,62.2,13.5,7.1
41,1,0,0.0,3,232.1,74,68.0,16.36,10.9
114,1,0,0.0,2,193.0,101,55.0,12.5,9.6
97,1,1,2.3,0,168.4,129,71.0,11.3,8.5
98,1,1,3.48,2,181.6,112,84.8,11.04,12.9
56,1,0,0.0,1,137.2,111,38.0,8.3,14.3
166,1,0,0.26,2,197.9,89,57.6,12.55,11.2
53,1,1,1.76,1,25.9,119,39.6,10.33,6.5
105,1,0,0.0,0,281.3,124,74.0,15.08,8.7
98,0,1,2.92,1,245.5,54,96.2,14.64,10.8
152,0,1,3.83,9,237.5,120,100.3,12.67,14.2
89,1,0,0.0,3,111.2,101,30.0,6.11,12.6
73,1,0,0.0,2,254.8,85,56.0,7.17,15.0
40,1,0,0.0,1,115.7,105,31.0,6.39,9.3
128,1,0,0.0,0,125.2,99,39.0,10.27,18.9
127,1,1,3.13,1,143.2,99,70.3,8.5,11.6
100,1,0,0.0,1,247.8,117,54.0,6.5,6.9
101,1,1,2.54,4,220.3,96,87.4,14.29,9.4
126,1,0,0.0,1,228.7,102,54.0,8.44,11.8
99,1,0,0.0,4,198.2,87,52.0,10.37,8.7
43,1,0,0.35,0,179.3,97,55.5,12.64,8.0
93,1,0,0.19,2,271.6,71,67.9,11.47,10.9
130,1,1,2.35,0,141.9,92,67.5,11.45,8.7
103,1,0,0.0,1,180.2,134,39.0,4.89,8.4
92,1,0,0.0,2,91.7,90,33.0,9.69,9.2
148,1,1,4.1,2,244.9,150,93.0,5.9,15.2
72,1,0,0.0,0,109.1,97,29.0,5.79,8.3
3,1,1,3.08,2,67.4,116,63.8,12.2,11.4
85,1,1,3.73,1,196.4,139,95.3,14.05,13.8
58,1,1,3.11,2,224.1,127,90.1,11.94,11.5
107,1,0,0.0,1,222.3,101,63.0,14.3,12.1
104,1,0,0.0,0,130.5,77,34.0,6.56,13.0
146,1,0,0.0,3,205.4,101,47.0,6.75,10.3
137,1,1,2.11,0,175.3,96,72.1,12.07,7.8
57,1,0,0.0,0,85.9,92,32.0,9.7,10.1
76,1,0,0.0,1,263.4,148,65.0,11.52,11.4
106,1,0,0.0,0,158.6,112,46.0,11.0,9.1
36,1,0,0.25,1,253.4,77,61.5,9.12,8.4
192,1,0,0.0,4,221.6,101,62.0,14.26,12.7
47,1,1,2.11,1,141.3,94,60.1,8.4,7.8
50,1,1,3.67,3,302.7,93,108.7,12.03,13.6
217,1,0,0.29,0,123.7,138,45.9,12.43,13.3
68,1,0,0.0,2,143.6,80,36.0,6.72,15.5
77,1,1,2.62,2,211.1,89,81.2,11.18,9.7
73,1,0,0.0,1,187.3,118,53.0,11.99,15.1
38,1,0,0.0,2,117.3,114,38.0,10.44,14.4
111,1,1,3.27,1,193.1,104,75.7,5.58,12.1
132,1,0,0.0,1,190.1,105,48.0,9.11,13.0
50,0,0,0.34,2,99.6,108,47.4,15.44,13.7
108,1,0,0.0,1,103.0,129,39.0,12.12,7.9
80,1,1,1.03,1,190.3,115,65.3,12.83,3.8
108,1,0,0.0,0,199.3,104,53.0,11.21,15.2
67,1,0,0.34,6,260.4,107,65.4,10.41,10.0
113,0,0,0.0,5,122.2,112,32.0,6.59,10.3
119,1,0,0.18,2,190.4,74,52.8,10.78,10.0
111,1,0,0.0,0,249.8,109,64.0,12.12,11.6
85,0,0,0.0,2,165.4,107,45.0,9.8,9.6
37,0,0,0.0,0,172.9,119,45.0,9.15,9.8
123,1,1,2.11,1,124.7,105,64.1,12.52,7.8
81,0,1,2.13,1,237.1,76,84.3,13.21,7.9
109,1,0,0.0,0,184.0,120,42.0,6.02,11.0
80,1,0,0.24,2,203.7,92,56.4,10.82,7.6
113,1,0,0.0,2,239.7,47,65.0,14.15,8.7
64,0,1,2.19,0,127.2,93,57.9,8.15,8.1
176,1,0,0.0,2,250.9,108,58.0,8.57,9.6
46,1,0,0.0,2,124.8,133,35.0,7.87,8.6
66,1,1,2.4,0,190.8,100,79.0,13.07,8.9
75,1,0,0.0,1,111.7,121,40.0,11.87,13.1
102,1,1,2.75,2,137.4,100,66.5,8.84,10.2
80,0,1,3.21,1,159.3,110,74.1,8.53,11.9
107,0,0,0.0,3,133.3,106,39.0,9.15,12.9
11,1,0,0.0,2,143.4,130,49.0,14.47,9.7
116,1,0,0.0,0,129.4,84,36.0,7.87,13.3
41,1,1,1.94,0,213.8,102,68.4,7.09,7.2
137,1,0,0.0,1,109.8,120,39.0,11.53,11.9
114,1,1,3.48,1,125.2,79,71.8,8.89,12.9
140,1,0,0.0,3,149.7,71,44.0,10.63,12.6
50,0,1,2.16,0,307.1,94,98.6,14.47,8.0
148,1,0,0.0,2,279.3,104,65.0,10.08,7.9
123,1,0,0.26,2,257.9,92,64.6,10.58,9.4
134,1,0,0.0,1,242.4,126,55.0,7.65,11.8
100,1,0,0.21,2,235.8,130,58.1,8.8,7.3
79,1,0,0.0,1,41.9,124,26.0,10.55,11.4
1,1,0,0.0,5,182.1,106,43.0,6.75,10.0
88,1,0,0.31,1,153.5,94,51.1,12.59,8.5
104,1,0,0.0,0,97.2,88,30.0,7.78,12.4
70,1,0,0.31,0,177.4,125,53.1,11.31,10.9
117,1,1,2.62,1,207.6,65,75.2,7.64,9.7
134,1,0,0.31,1,178.0,110,47.1,7.69,11.7
77,0,1,3.21,0,103.2,117,70.1,11.82,11.9
174,1,0,0.29,1,239.2,72,59.9,9.43,8.8
162,1,1,3.27,0,224.9,97,87.7,9.41,12.1
113,1,0,0.0,1,193.8,99,52.0,11.07,10.6
98,0,0,0.0,1,158.4,71,53.0,15.33,2.1
52,1,0,0.0,1,215.9,67,56.0,10.85,5.2
120,1,1,3.08,0,153.5,83,75.8,10.96,11.4
154,0,0,0.36,0,145.9,69,46.6,10.41,14.4
67,1,0,0.35,1,215.5,102,56.5,9.54,8.6
155,1,1,1.38,1,183.3,106,62.8,10.26,5.1
163,1,1,3.32,2,231.9,56,91.2,10.59,12.3
109,1,0,0.36,2,193.6,58,49.6,7.44,13.1
82,1,0,0.0,3,266.9,83,65.0,11.49,11.0
176,1,0,0.34,0,169.5,151,42.4,5.65,8.7
69,1,0,0.0,3,228.2,70,62.0,13.19,10.7
60,1,0,0.0,2,289.8,101,71.0,12.78,11.7
63,1,0,0.0,1,207.6,96,55.0,11.45,13.3
133,1,0,0.0,2,216.2,67,56.0,11.11,3.1
92,0,0,0.0,3,252.3,120,61.0,10.35,12.0
147,1,0,0.0,1,205.3,95,50.0,8.34,7.8
156,1,0,0.42,1,150.5,106,43.2,7.65,3.5
75,1,1,3.62,2,118.5,86,75.2,10.7,13.4
193,1,0,0.0,1,170.9,124,41.0,6.62,11.6
72,1,0,0.27,0,272.4,88,58.7,5.4,12.7
77,1,0,0.0,1,169.4,102,45.0,9.25,2.0
62,1,0,0.0,0,147.1,91,42.0,9.52,12.2
82,1,0,0.0,3,207.0,90,55.0,11.65,9.1
144,0,0,0.0,0,203.5,100,56.0,12.38,11.9
57,1,0,0.0,2,272.7,74,66.0,11.25,10.5
132,1,0,0.0,0,214.6,78,58.0,12.59,13.9
117,1,0,0.19,1,184.5,97,63.9,17.58,8.7
115,1,0,0.0,1,166.5,111,49.0,11.81,15.6
121,1,0,0.0,1,177.2,142,41.0,6.18,8.4
86,1,1,3.29,1,167.6,139,71.9,5.65,12.2
112,1,0,0.0,3,214.8,112,55.0,10.49,9.4
116,1,1,2.43,2,221.0,108,75.3,7.55,9.0
120,1,0,0.0,3,180.0,80,50.0,11.21,4.7
143,1,0,0.0,0,223.3,99,53.0,8.36,4.5
117,1,0,0.22,1,201.9,86,55.2,10.62,7.8
132,1,1,2.84,3,226.2,103,82.4,9.08,10.5
108,1,0,0.0,3,201.1,101,49.0,8.54,11.6
87,1,1,2.11,0,262.8,114,85.1,10.79,7.8
145,1,0,0.32,0,39.5,78,33.2,13.22,10.0
91,0,0,0.31,3,129.9,112,40.1,8.67,11.2
65,1,1,3.24,1,282.3,70,93.4,7.6,12.0
189,1,0,0.0,1,219.9,80,50.0,7.17,11.7
148,1,0,0.0,1,239.3,84,58.0,9.79,10.9
129,1,1,3.08,1,211.0,99,80.8,7.76,11.4
124,1,0,0.0,3,251.5,85,61.0,10.71,11.1
50,1,0,0.0,5,131.1,129,36.0,8.03,5.6
73,1,0,0.0,0,160.1,110,46.0,10.67,13.0
109,1,0,0.0,1,175.6,80,51.0,11.9,10.2
140,0,1,3.11,4,188.9,124,77.1,8.05,11.5
102,0,0,0.0,0,233.8,103,59.0,11.08,12.8
146,1,1,3.94,1,176.6,88,83.4,8.14,14.6
21,1,0,0.0,1,223.2,142,57.0,10.83,12.4
93,1,1,2.97,0,116.9,120,69.7,11.62,11.0
92,1,1,2.16,3,155.4,110,64.6,9.43,8.0
119,1,0,0.21,3,239.1,88,64.1,12.18,10.9
135,1,0,0.0,1,246.8,129,58.0,9.39,12.6
90,1,1,2.08,1,183.8,76,71.8,11.49,7.7
82,1,0,0.0,1,125.7,96,40.0,10.38,12.9
45,1,0,0.0,1,142.4,107,52.0,15.94,11.1
103,1,1,2.08,2,121.0,105,64.8,13.52,7.7
105,1,0,0.33,1,193.7,108,52.3,9.16,10.8
28,1,0,0.0,2,159.7,79,46.0,10.84,9.3
164,1,0,0.0,3,192.1,95,54.0,12.49,7.3
34,1,0,0.0,1,180.6,65,55.0,14.02,5.0
75,1,0,0.0,2,314.6,102,68.0,8.49,5.7
87,1,0,0.36,2,115.4,90,45.6,13.13,13.1
63,1,0,0.36,2,153.5,81,54.6,14.37,6.5
65,1,0,0.0,2,105.7,95,31.0,7.09,6.6
96,1,1,3.05,1,261.3,96,94.5,11.05,11.3
158,1,0,0.33,1,175.9,105,49.3,9.42,11.0
67,1,1,3.92,1,129.6,107,81.2,11.65,14.5
121,1,1,1.73,2,110.0,94,48.3,7.08,6.4
166,1,0,0.23,0,152.1,95,39.3,6.05,9.8
101,1,0,0.0,3,209.6,107,56.0,11.44,7.6
162,1,0,0.0,4,70.7,108,26.0,7.88,9.1
116,0,1,1.86,1,175.5,137,66.6,10.53,6.9
139,1,1,4.0,0,214.6,101,97.0,11.76,14.8
75,1,0,0.0,0,150.6,99,52.0,15.08,8.1
128,1,1,2.32,0,179.3,104,73.2,11.3,8.6
135,0,1,3.94,0,173.1,85,86.4,10.2,14.6
89,1,1,3.19,1,174.4,108,78.9,9.84,11.8
89,1,0,0.0,1,213.0,63,52.0,8.83,9.1
135,1,1,3.32,1,273.4,141,93.2,7.7,12.3
90,1,0,0.0,1,200.9,92,49.0,8.22,8.9
116,1,1,2.97,1,182.8,122,79.7,10.64,11.0
162,1,0,0.28,2,115.1,89,39.8,9.84,11.4
16,1,0,0.0,1,153.2,65,46.0,11.49,10.7
128,1,0,0.0,0,179.4,94,54.0,13.52,7.9
54,1,1,3.38,2,143.9,73,76.8,10.52,12.5
99,1,1,2.46,1,200.7,88,81.6,13.21,9.1
137,1,0,0.0,0,243.4,114,52.0,6.06,12.2
105,1,0,0.0,0,246.4,83,64.0,12.81,3.8
89,1,0,0.0,0,105.9,151,35.0,9.48,12.7
57,1,0,0.2,2,149.3,100,45.0,10.01,11.9
87,1,0,0.0,0,240.0,83,53.0,6.71,9.3
103,1,0,0.0,2,190.9,62,52.0,11.33,7.8
116,1,0,0.0,1,197.9,84,48.0,8.41,12.0
38,1,0,0.0,2,137.8,86,48.0,14.32,14.1
166,0,1,3.08,1,175.8,126,82.8,12.68,11.4
149,1,1,3.05,2,264.4,102,94.5,10.98,11.3
116,1,0,0.0,0,164.6,110,51.0,13.53,8.0
94,1,0,0.0,1,194.1,62,53.0,11.36,15.3
117,0,0,0.0,2,167.1,86,44.0,8.88,14.1
129,1,1,1.78,1,196.6,89,66.8,9.03,6.6
75,0,0,0.0,1,222.4,78,66.0,16.35,8.7
113,1,0,0.0,1,272.1,111,70.0,13.43,8.5
80,1,0,0.0,1,118.1,90,33.0,7.22,8.2
163,1,0,0.35,0,247.7,77,69.5,13.48,9.6
112,1,0,0.27,2,217.1,76,57.7,10.26,9.4
104,1,0,0.0,1,164.2,109,42.0,7.77,10.7
38,1,1,1.05,0,197.2,118,65.5,12.5,3.9
63,0,1,2.7,1,151.5,99,66.0,7.39,10.0
119,1,1,3.05,0,217.2,94,79.5,6.94,11.3
78,1,0,0.21,2,162.3,116,46.1,9.62,10.1
115,0,0,0.0,1,180.0,119,48.0,9.94,12.4
74,1,0,0.0,3,124.8,114,33.0,6.65,10.6
73,1,0,0.0,0,175.4,130,51.0,12.41,12.2
143,1,1,2.08,1,141.4,130,60.8,9.32,7.7
72,1,0,0.0,1,175.5,103,42.0,6.62,11.8
132,1,0,0.0,1,117.6,66,39.0,10.7,8.8
94,1,1,3.46,1,170.1,124,80.6,9.67,12.8
97,1,0,0.27,3,144.2,91,46.7,11.34,13.8
79,1,1,1.7,4,264.3,79,80.0,10.14,6.3
63,1,1,3.32,1,152.2,119,79.2,11.36,12.3
33,1,0,0.21,1,159.5,115,46.1,9.77,7.1
69,1,1,1.59,1,155.0,98,54.9,7.12,5.9
66,1,0,0.0,1,146.4,107,42.0,9.83,7.8
117,1,1,2.35,2,205.7,98,70.5,6.81,8.7
72,1,0,0.0,0,198.4,147,53.0,10.85,13.1
94,1,0,0.0,2,252.6,104,58.0,8.45,11.1
35,1,0,0.32,2,124.2,102,35.2,6.2,13.1
163,1,0,0.0,1,122.4,129,31.0,5.67,12.5
101,1,0,0.37,4,253.2,89,67.7,11.9,9.7
108,1,0,0.0,4,112.0,105,36.0,9.69,4.1
39,1,0,0.0,2,160.4,68,36.0,5.13,9.1
161,1,0,0.0,0,105.4,70,37.0,10.74,7.8
124,1,0,0.0,3,158.6,104,45.0,10.56,10.2
101,1,1,2.57,0,209.2,82,75.7,7.99,9.5
155,1,0,0.0,3,181.4,111,46.0,8.39,11.3
69,1,0,0.0,3,183.4,85,52.0,11.88,9.0
123,1,0,0.0,3,166.9,98,48.0,11.09,12.8
66,1,0,0.0,4,154.0,133,44.0,9.95,9.5
109,1,1,3.32,1,166.9,85,81.2,11.06,12.3
44,1,0,0.32,1,143.2,77,42.2,8.49,7.6
39,1,0,0.0,0,93.3,83,33.0,9.98,6.5
95,1,0,0.0,3,194.6,114,53.0,11.64,3.8
100,1,0,0.0,0,78.7,98,33.0,11.28,14.0
122,0,1,3.43,1,216.4,80,93.3,12.49,12.7
147,1,0,0.26,2,124.4,74,51.6,16.05,10.4
46,1,0,0.0,2,40.4,105,22.0,8.62,9.0
56,1,0,0.16,4,162.3,99,42.6,7.46,14.8
110,1,0,0.0,2,159.5,145,45.0,10.12,16.7
114,1,1,2.54,3,141.3,96,69.4,11.52,9.4
93,1,1,2.16,2,178.7,134,67.6,8.93,8.0
53,1,0,0.0,1,164.1,106,46.0,10.3,11.4
92,1,0,0.33,2,197.2,113,58.3,12.12,11.0
122,1,0,0.0,0,232.5,96,57.0,10.28,11.9
158,1,0,0.0,1,158.0,106,52.0,14.63,9.1
96,1,0,0.21,2,160.2,117,52.1,13.38,9.3
82,1,1,2.89,1,155.2,131,76.9,12.23,10.7
88,1,0,0.0,3,183.5,93,46.0,8.53,8.3
120,1,1,2.86,0,244.3,140,97.6,16.12,10.6
116,1,1,3.13,2,268.6,83,92.3,8.91,11.6
65,1,0,0.0,1,207.7,109,54.0,10.88,8.0
94,1,0,0.0,1,181.5,98,48.0,10.0,6.6
142,1,1,1.16,0,163.3,104,51.6,6.8,4.3
117,1,0,0.39,1,119.0,82,40.9,9.38,11.5
102,1,0,0.0,2,156.5,67,44.0,10.22,9.9
78,1,0,0.0,0,220.0,95,53.0,9.0,11.5
46,1,0,0.0,1,164.2,116,45.0,9.81,8.1
95,1,0,0.0,1,134.4,104,36.0,7.62,9.4
68,1,0,0.2,2,172.7,95,44.0,6.96,11.7
95,1,0,0.0,1,149.2,96,48.0,13.04,8.1
54,1,0,0.21,2,247.5,85,64.1,11.27,10.2
125,1,1,2.54,1,96.5,109,54.4,7.29,9.4
157,0,0,0.0,0,180.4,123,48.0,9.7,8.4
108,1,0,0.27,2,291.6,99,71.7,11.06,14.0
111,1,0,0.0,2,246.5,108,61.0,10.82,12.7
70,1,0,0.0,2,208.7,97,59.0,13.78,8.0
84,1,0,0.0,0,138.6,102,41.0,9.95,7.8
118,1,0,0.0,2,224.6,94,58.0,11.3,12.5
74,1,0,0.0,1,106.4,84,31.0,7.01,11.4
143,1,0,0.27,1,202.8,109,51.7,8.29,4.6
134,1,0,0.0,1,205.3,122,56.0,12.03,5.0
152,1,0,0.0,1,228.1,93,51.0,6.82,9.0
107,1,0,0.0,1,294.9,71,67.0,9.64,13.2
108,1,0,0.21,3,210.7,112,59.1,11.94,9.2
73,1,0,0.0,1,286.4,109,64.0,8.91,10.7
54,0,0,0.0,3,236.3,91,54.0,7.64,11.2
51,1,0,0.0,0,169.3,111,41.0,6.98,12.0
112,1,1,3.05,1,221.6,110,79.5,6.51,11.3
73,1,0,0.0,1,217.8,91,56.0,11.03,10.3
85,1,1,2.94,1,144.6,97,66.4,7.0,10.9
80,1,0,0.0,3,198.1,160,47.0,7.84,9.3
177,1,0,0.0,1,175.7,120,45.0,8.43,14.6
113,1,1,2.75,2,205.0,101,75.5,7.6,10.2
130,1,0,0.35,1,176.9,109,41.5,4.54,9.5
132,1,0,0.0,5,193.3,106,44.0,6.42,11.6
110,1,0,0.0,2,271.1,108,67.0,11.85,9.8
120,1,1,2.62,2,212.7,73,85.2,12.88,9.7
101,1,1,2.7,2,238.0,88,86.0,10.48,10.0
96,1,1,2.65,1,172.7,86,67.5,6.67,9.8
90,1,0,0.0,1,203.4,146,54.0,11.34,7.3
137,0,0,0.21,0,258.0,112,67.1,12.33,10.9
42,1,0,0.0,1,92.2,108,34.0,10.56,13.1
185,1,0,0.0,2,55.6,97,34.0,14.44,12.1
107,1,1,3.24,1,248.6,91,85.4,5.97,12.0
88,1,0,0.0,2,161.5,92,43.0,8.68,7.9
86,1,0,0.0,2,126.3,115,36.0,8.44,9.8
61,1,1,1.73,4,187.5,124,62.3,7.33,6.4
96,0,0,0.0,2,200.6,117,59.0,14.48,11.2
59,1,1,2.46,0,127.4,110,55.6,5.17,9.1
88,1,0,0.0,4,166.7,61,44.0,8.97,6.8
73,1,0,0.0,1,122.0,92,33.0,6.92,5.8
161,1,0,0.0,2,72.8,120,36.0,13.36,11.8
109,1,1,2.43,4,217.5,123,81.3,11.69,9.0
102,1,0,0.0,0,114.8,125,27.0,4.1,12.0
9,1,1,2.73,1,214.1,108,78.3,8.46,10.1
116,1,0,0.24,3,192.1,98,62.4,15.65,7.9
111,1,0,0.0,4,132.6,125,42.0,11.06,12.7
135,1,0,0.0,5,263.8,66,67.0,12.57,8.4
93,1,0,0.17,3,152.4,74,51.7,13.73,6.6
161,1,0,0.0,1,178.1,109,43.0,7.33,8.5
94,1,0,0.28,3,269.2,104,65.8,9.69,8.9
87,0,0,0.0,0,134.2,80,37.0,8.25,10.7
84,1,1,1.54,2,106.5,65,53.4,11.29,5.7
67,1,0,0.0,2,138.9,65,42.0,10.45,9.2
109,1,0,0.0,1,222.2,113,57.0,10.93,10.9
110,1,0,0.0,0,148.4,95,42.0,9.69,6.9
117,0,0,0.0,1,287.4,118,71.0,12.98,10.0
85,1,0,0.4,1,201.4,52,58.0,11.47,12.0
21,1,1,3.48,3,132.7,94,74.8,10.23,12.9
138,1,1,3.83,0,190.1,87,90.3,11.16,14.2
72,1,0,0.0,0,253.0,73,62.0,10.97,9.8
71,1,0,0.0,1,277.5,104,59.0,6.59,8.2
120,1,0,0.3,1,150.6,85,39.0,5.95,6.4
118,1,1,2.57,1,289.5,52,89.7,8.33,9.5
70,1,0,0.0,1,213.4,86,54.0,10.24,5.7
132,1,1,3.11,0,182.9,54,87.1,14.62,11.5
86,1,1,2.65,0,225.5,107,86.5,12.32,9.8
182,1,1,3.13,1,128.1,104,65.3,7.17,11.6
167,0,0,0.0,2,219.1,100,58.0,12.15,10.1
33,1,1,3.75,4,157.4,99,74.5,5.9,13.9
109,1,0,0.31,3,180.0,100,54.1,11.45,7.8
58,0,1,2.4,1,142.8,96,72.0,13.62,8.9
97,1,0,0.0,3,169.7,84,43.0,8.3,12.8
98,1,1,3.24,1,121.0,105,72.4,10.95,12.0
131,1,0,0.0,2,187.9,110,49.0,10.03,10.2
34,1,0,0.29,2,293.7,89,76.9,13.63,11.0
117,1,0,0.0,1,102.8,119,36.0,10.34,10.1
104,1,1,3.59,4,280.2,136,102.9,11.03,13.3
103,1,0,0.0,0,160.2,104,40.0,6.95,9.7
101,1,0,0.3,1,0.0,0,20.0,9.61,7.2
136,1,1,3.08,2,143.1,88,75.8,11.83,11.4
16,1,0,0.0,5,174.7,83,54.0,14.04,10.5
101,0,0,0.0,1,156.4,116,38.0,6.52,7.3
40,1,1,2.03,1,224.7,69,70.3,6.73,7.5
90,1,0,0.0,2,102.0,118,27.0,5.67,11.4
52,1,1,3.65,1,133.3,63,75.5,9.21,13.5
31,1,1,3.11,1,210.5,101,89.1,12.53,11.5
93,1,1,2.89,1,237.2,85,87.9,10.66,10.7
90,1,0,0.0,1,175.9,111,55.0,14.26,13.0
129,1,0,0.0,0,334.3,118,74.0,9.61,10.4
72,1,1,4.46,1,186.7,108,105.6,16.75,16.5
98,1,1,2.97,2,110.3,71,64.7,9.12,11.0
132,1,0,0.0,0,81.1,86,35.0,12.26,10.3
59,1,0,0.27,2,166.3,95,51.7,11.97,10.0
100,1,0,0.0,1,185.0,122,47.0,9.13,5.1
52,1,0,0.0,3,129.3,80,35.0,7.14,12.3
103,1,1,3.32,0,164.1,111,80.2,10.96,12.3
117,1,0,0.0,1,134.7,121,39.0,9.0,7.7
95,1,0,0.0,0,197.0,88,50.0,9.52,16.1
97,1,0,0.29,0,217.6,81,67.9,16.03,4.2
155,1,0,0.34,1,184.6,102,52.4,9.8,7.8
73,1,0,0.41,1,157.6,92,48.1,9.92,9.1
80,0,0,0.0,1,276.5,122,64.0,9.78,7.2
74,1,0,0.0,2,157.1,95,45.0,10.66,7.6
162,1,0,0.0,1,184.5,118,51.0,11.2,11.6
131,1,0,0.0,1,110.9,74,29.0,5.78,15.8
166,1,0,0.0,0,136.1,116,39.0,9.07,11.3
31,1,1,1.59,0,100.1,54,53.9,12.32,5.9
64,1,0,0.0,1,219.6,126,64.0,15.17,9.7
37,1,0,0.0,0,206.0,89,51.0,9.3,8.4
49,1,0,0.21,1,119.3,117,41.1,10.76,11.1
59,1,0,0.0,0,179.4,80,51.0,11.63,14.7
121,1,0,0.0,0,103.3,110,29.0,6.46,10.7
142,1,0,0.0,2,84.8,95,27.0,6.84,14.2
127,1,0,0.0,0,107.9,128,35.0,9.35,0.0
155,1,0,0.0,2,163.0,93,46.0,10.2,15.1
177,1,0,0.0,1,189.5,99,48.0,8.82,14.2
63,1,1,3.29,1,184.2,111,90.9,15.63,12.2
88,1,0,0.0,2,152.9,119,41.0,8.56,12.0
138,1,1,2.13,0,19.5,149,37.3,7.05,7.9
133,1,0,0.0,4,221.1,133,52.0,8.01,8.4
74,1,1,2.43,1,174.6,107,81.3,15.53,9.0
57,1,1,3.0,2,193.4,105,83.0,11.58,11.1
84,1,0,0.0,1,159.0,80,42.0,8.4,12.3
86,1,1,3.21,3,253.1,112,93.1,10.51,11.9
116,1,1,1.89,2,204.7,118,71.9,10.47,7.0
126,1,0,0.0,0,103.7,93,29.0,6.35,14.4
86,1,1,3.48,1,225.4,79,89.8,9.36,12.9
36,1,1,3.92,0,146.3,128,78.2,8.13,14.5
128,1,0,0.0,0,103.3,122,39.0,12.3,6.4
97,1,1,1.65,1,283.1,93,80.5,9.27,6.1
174,1,1,3.35,1,221.8,143,89.5,10.53,12.4
123,1,0,0.0,5,242.2,87,61.0,11.31,8.2
114,1,1,3.83,1,309.9,90,108.3,10.02,14.2
60,0,1,3.78,0,265.9,113,101.8,10.79,14.0
83,1,0,0.0,3,178.8,102,45.0,8.4,8.6
151,1,1,2.32,1,214.7,97,72.2,6.93,8.6
128,1,0,0.0,1,158.8,75,50.0,13.24,7.6
76,1,0,0.0,4,107.3,140,39.0,11.91,10.0
63,1,0,0.37,0,211.2,80,60.7,11.89,12.3
172,1,0,0.0,3,215.7,140,50.0,7.32,7.1
139,1,0,0.0,2,271.6,130,60.0,7.8,11.6
83,1,0,0.0,2,159.3,104,45.0,10.12,9.5
34,1,0,0.0,1,128.8,80,40.0,10.44,14.0
179,0,1,2.73,4,220.1,78,85.3,11.72,10.1
154,1,0,0.0,1,350.8,75,79.0,10.83,10.1
54,1,0,0.0,1,272.6,83,68.0,12.44,9.5
80,1,0,0.0,1,160.6,103,48.0,11.85,10.7
117,1,0,0.0,2,149.9,95,48.0,12.81,13.3
67,1,0,0.0,1,210.7,116,55.0,10.96,7.2
93,1,1,3.19,4,134.2,105,68.9,8.13,11.8
22,1,0,0.0,2,181.8,108,48.0,9.93,9.3
110,1,0,0.0,3,188.0,127,40.0,4.53,15.3
52,1,1,1.43,2,195.7,119,57.3,5.31,5.3
158,1,0,0.0,2,172.4,114,52.0,12.83,0.0
101,1,0,0.0,4,153.8,89,47.0,11.7,11.6
94,1,0,0.0,1,177.1,112,47.0,9.7,5.9
37,1,0,0.0,0,191.1,69,44.0,6.46,12.9
126,1,0,0.0,3,249.8,96,65.0,13.1,12.7
122,1,1,3.78,1,147.8,85,75.8,7.37,14.0
104,1,0,0.0,1,225.9,123,53.0,8.14,10.1
161,1,0,0.0,1,173.4,100,48.0,10.69,11.5
104,1,0,0.0,3,264.0,108,57.0,6.61,10.6
145,1,0,0.0,1,224.2,89,65.0,15.75,16.1
149,0,0,0.18,0,176.2,87,44.8,7.25,5.7
136,0,0,0.0,1,199.2,122,53.0,10.74,11.8
61,1,0,0.0,2,197.7,118,47.0,7.61,7.0
95,1,0,0.0,0,190.2,119,46.0,7.86,14.0
54,1,0,0.0,1,286.6,73,68.0,11.16,11.5
144,1,0,0.0,1,278.5,95,68.0,12.04,11.6
106,1,0,0.0,4,207.9,91,50.0,8.6,14.4
118,1,0,0.32,1,187.4,97,50.2,8.89,12.2
45,1,0,0.0,1,78.2,127,35.0,12.67,18.0
134,1,1,1.65,2,247.2,105,78.5,11.28,6.1
18,1,0,0.27,3,197.0,97,53.7,10.19,8.7
91,1,1,2.59,1,273.0,78,90.9,10.78,9.6
77,1,0,0.0,2,163.0,112,47.0,10.96,6.7
131,1,0,0.0,2,263.4,123,58.0,7.6,10.7
124,1,0,0.0,1,184.8,74,47.0,8.76,10.5
52,1,0,0.35,2,214.7,68,53.5,7.93,9.4
52,1,0,0.34,2,124.9,131,50.4,15.03,11.6
78,1,0,0.0,2,155.0,106,42.0,8.77,11.8
6,1,0,0.0,3,226.5,93,52.0,7.61,9.4
59,1,1,2.38,1,211.9,120,77.8,10.15,8.8
62,1,0,0.0,2,189.5,122,42.0,5.19,10.8
130,1,1,3.4,1,257.2,108,97.0,11.22,12.6
42,1,0,0.0,0,241.2,134,51.0,5.83,10.6
113,1,0,0.0,3,245.3,108,64.0,13.0,10.7
112,1,1,3.11,4,225.2,89,92.1,12.84,11.5
112,1,0,0.0,2,335.5,77,76.0,10.63,12.7
1,1,0,0.25,1,196.1,107,61.5,14.83,7.0
51,1,0,0.0,1,232.4,109,56.0,9.37,9.1
133,1,0,0.0,2,277.3,138,67.0,11.42,12.8
107,1,1,3.7,1,161.6,123,82.0,9.78,13.7
64,1,0,0.31,1,145.5,116,48.1,11.42,8.9
95,1,0,0.13,0,174.0,57,55.3,14.06,9.7
141,1,0,0.0,0,217.1,110,58.0,12.08,12.0
105,1,0,0.0,2,140.6,109,40.0,8.93,6.8
52,1,0,0.32,3,191.9,108,59.2,13.49,7.8
35,1,0,0.0,0,105.6,129,40.0,12.91,8.7
123,1,0,0.0,2,175.7,78,46.0,9.23,9.1
177,1,0,0.0,1,175.4,99,44.0,7.77,11.5
59,1,0,0.26,1,151.8,98,46.6,10.5,11.9
112,1,0,0.0,4,174.3,123,42.0,7.01,9.0
138,0,0,0.0,1,169.3,82,48.0,10.9,9.4
95,1,0,0.0,1,229.9,116,57.0,10.12,14.2
99,0,0,0.0,0,242.3,102,72.0,17.55,11.3
56,1,1,1.32,1,37.7,115,32.2,7.21,4.9
79,1,1,1.13,2,50.6,62,37.3,10.07,4.2
92,0,0,0.0,0,255.8,125,56.0,7.14,11.7
180,1,0,0.4,1,143.3,134,44.0,9.03,10.1
80,1,0,0.0,1,197.6,83,48.0,8.23,6.4
88,1,0,0.0,3,61.9,78,33.0,13.13,8.8
135,1,0,0.0,1,194.8,97,54.0,11.77,11.0
66,0,0,0.28,3,208.7,84,53.8,8.67,8.3
104,0,0,0.0,0,148.2,108,39.0,8.09,11.0
37,0,0,0.0,2,106.6,76,31.0,7.37,9.6
84,1,1,2.0,2,193.0,106,66.0,7.68,7.4
24,1,1,1.94,3,236.3,105,76.4,9.54,7.2
130,1,0,0.32,0,252.0,101,61.2,8.51,5.7
60,1,0,0.0,1,221.1,106,53.0,8.93,7.4
64,1,0,0.0,2,194.2,147,48.0,8.67,5.5
134,1,1,2.7,1,214.4,93,82.0,10.59,10.0
82,1,0,0.21,0,135.4,102,46.1,11.86,17.5
91,1,1,1.78,3,204.6,96,64.8,6.8,6.6
100,1,0,0.0,0,203.8,122,59.0,14.16,12.5
84,1,0,0.0,1,181.5,129,42.0,6.54,8.5
57,1,1,2.24,0,176.8,94,69.4,9.75,8.3
96,1,1,2.81,3,183.3,115,77.1,10.07,10.4
77,1,1,3.05,0,204.9,84,82.5,10.05,11.3
133,1,0,0.0,3,143.8,71,41.0,9.2,12.9
58,1,0,0.19,0,234.8,89,50.9,5.34,9.9
59,1,0,0.28,3,160.9,95,51.8,12.56,5.0
84,1,0,0.0,0,280.0,113,65.0,10.11,10.4
150,1,1,2.97,1,174.4,75,74.7,8.5,11.0
48,1,1,2.05,3,230.9,92,74.5,8.38,7.6
93,1,0,0.0,1,98.4,78,38.0,12.48,14.2
97,1,1,1.32,3,141.0,101,55.2,10.6,4.9
67,1,0,0.0,0,179.8,125,46.0,8.66,10.9
21,1,0,0.3,1,244.7,81,59.0,8.4,6.6
153,1,0,0.0,2,122.5,145,45.0,13.67,8.0
117,0,0,0.0,1,198.4,121,55.0,12.48,10.5
49,1,0,0.15,1,236.6,91,60.5,11.05,8.9
90,1,0,0.0,1,142.4,126,35.0,6.31,4.6
96,1,1,2.84,1,183.4,126,76.4,9.78,10.5
173,1,0,0.0,0,172.5,78,42.0,7.13,10.9
13,1,0,0.0,1,58.4,121,33.0,13.11,11.9
210,1,1,2.73,3,313.8,87,93.3,7.39,10.1
36,1,0,0.29,3,202.4,115,57.9,11.54,10.2
145,1,0,0.0,1,199.2,124,45.0,6.3,7.6
204,1,0,0.0,3,205.2,145,49.0,7.74,14.1
45,1,0,0.0,1,211.3,87,50.0,8.29,13.3
182,1,0,0.0,2,279.5,118,65.0,10.16,10.7
80,1,1,2.89,4,166.4,92,77.9,11.92,10.7
82,0,0,0.0,3,208.8,101,54.0,10.69,12.4
1,1,1,2.19,1,208.0,115,73.9,9.25,8.1
37,1,0,0.32,3,134.9,98,48.2,12.42,14.7
78,1,0,0.0,3,139.2,140,40.0,9.57,11.8
156,1,0,0.0,1,123.7,96,30.0,5.15,13.1
85,0,0,0.0,3,116.2,86,40.0,11.49,10.1
137,1,0,0.29,2,141.1,91,39.9,7.36,8.0
118,1,1,2.59,5,170.8,114,71.9,9.98,9.6
123,1,0,0.0,3,206.9,115,55.0,11.22,8.3
113,0,0,0.31,1,204.3,82,54.1,9.44,9.2
128,1,0,0.0,2,147.7,94,50.0,14.17,6.9
91,1,0,0.0,1,217.9,71,57.0,11.51,10.6
89,1,0,0.38,2,89.7,80,34.8,8.99,9.5
43,0,0,0.0,0,251.5,105,61.0,10.64,9.3
123,1,0,0.0,0,128.7,126,32.0,5.88,10.8
124,1,0,0.0,1,151.1,123,42.0,9.37,5.3
104,1,0,0.24,1,170.6,97,45.4,8.11,6.1
66,1,0,0.0,2,170.5,103,51.0,12.72,10.5
136,1,0,0.34,1,92.0,117,41.4,12.68,10.3
140,1,0,0.0,1,149.8,134,40.0,8.22,8.1
102,1,0,0.33,0,144.4,87,51.3,13.33,7.1
123,1,0,0.0,4,123.2,104,38.0,9.5,12.9
21,1,0,0.0,5,92.6,95,30.0,8.1,11.3
79,1,0,0.31,3,156.9,109,41.1,6.11,11.3
127,1,0,0.0,0,261.7,105,60.0,9.09,3.3
36,1,0,0.0,0,117.1,94,40.0,11.77,9.0
93,0,0,0.32,1,168.4,114,56.2,13.8,11.4
63,1,1,2.21,0,214.9,86,76.1,9.91,8.2
53,1,1,3.54,3,145.7,146,79.4,11.03,13.1
163,1,0,0.0,1,223.0,120,58.0,11.35,8.8
105,1,0,0.3,1,146.4,81,48.0,11.26,8.5
137,1,0,0.27,2,205.9,88,55.7,10.47,14.5
64,0,0,0.0,1,225.3,134,48.0,5.41,17.3
117,0,1,1.0,1,196.0,82,71.0,16.14,3.7
36,1,1,2.32,2,29.9,123,40.2,6.46,8.6
161,1,0,0.0,2,322.3,100,75.0,11.52,7.8
163,1,0,0.0,1,191.3,89,49.0,9.7,12.8
133,0,0,0.0,0,254.7,103,65.0,12.61,8.0
46,1,0,0.0,1,156.4,105,43.0,9.28,11.8
70,1,0,0.31,0,59.5,103,35.1,12.86,11.1
89,1,1,2.03,2,163.5,80,72.3,13.74,7.5
92,1,0,0.25,2,196.5,82,52.5,9.5,10.8
64,1,0,0.26,3,124.1,117,40.6,9.64,6.4
130,0,0,0.0,5,216.2,106,68.0,18.19,16.9
99,1,1,2.51,2,216.0,125,82.1,11.62,9.3
103,1,0,0.0,3,206.5,125,51.0,9.01,12.2
110,1,0,0.0,1,227.7,88,54.0,8.5,11.7
201,1,0,0.0,1,225.9,110,64.0,14.96,11.2
108,1,0,0.0,1,138.6,122,39.0,8.62,9.8
111,1,0,0.25,0,152.2,114,40.5,6.86,9.8
107,1,0,0.0,3,134.0,104,38.0,8.73,7.3
17,1,1,2.19,1,198.5,123,78.9,13.53,8.1
97,1,1,1.81,5,183.4,94,73.1,13.46,6.7
92,1,1,3.19,1,172.3,116,83.9,13.31,11.8
69,1,0,0.0,1,135.4,101,44.0,11.91,10.6
143,1,0,0.42,0,119.1,117,49.2,14.39,12.2
127,1,1,1.97,0,203.8,118,77.7,13.36,7.3
117,1,0,0.0,3,102.3,100,29.0,6.76,15.7
97,1,1,1.73,1,117.6,97,54.3,9.82,6.4
158,1,0,0.0,2,222.8,101,56.0,10.15,6.9
15,1,0,0.0,2,121.1,130,39.0,10.8,16.1
140,1,1,3.0,1,157.1,77,72.0,8.62,11.1
118,1,1,3.16,1,256.3,119,97.6,12.91,11.7
140,1,0,0.38,0,112.8,89,36.8,7.84,16.3
97,1,0,0.0,4,120.8,96,35.0,8.49,11.9
111,1,0,0.0,1,214.3,118,55.0,10.43,12.0
51,1,0,0.0,2,180.5,88,43.0,6.74,10.0
115,1,0,0.0,1,206.2,113,51.0,8.82,11.0
135,0,0,0.0,1,186.0,107,38.0,3.3,12.9
99,1,0,0.0,1,191.2,110,47.0,8.2,14.1
100,1,0,0.0,1,218.8,125,50.0,7.42,9.7
28,1,0,0.0,3,236.8,102,55.0,8.36,9.7
95,0,1,2.78,5,136.8,91,68.8,10.04,10.3
99,1,1,1.97,2,87.7,103,53.7,11.15,7.3
77,1,1,3.11,4,135.9,117,75.1,12.23,11.5
151,1,0,0.0,2,118.9,128,44.0,13.92,13.2
97,1,1,2.97,1,133.2,135,71.7,10.86,11.0
95,1,0,0.0,0,157.9,103,49.0,12.98,14.0
121,1,0,0.32,2,207.9,98,57.2,10.53,7.7
90,1,1,3.4,2,156.7,51,81.0,11.83,12.6
115,1,0,0.0,2,184.1,98,60.0,16.35,7.5
49,1,1,2.16,3,214.4,78,78.6,11.76,8.0
13,1,1,3.27,3,315.6,105,104.7,10.45,12.1
81,1,0,0.0,2,145.6,59,50.0,14.4,9.2
161,1,0,0.0,1,151.6,117,45.0,10.97,4.0
46,1,0,0.26,2,214.1,72,53.6,8.22,8.2
11,1,1,1.62,3,190.6,86,68.2,11.01,6.0
96,1,0,0.0,1,173.9,111,54.0,14.37,9.1
86,1,1,2.27,3,157.2,118,66.7,9.82,8.4
21,1,0,0.0,0,146.0,78,35.0,5.49,6.8
137,1,0,0.0,0,208.8,120,55.0,11.27,11.1
59,1,0,0.0,1,204.3,65,56.0,12.37,12.0
80,1,0,0.0,0,101.1,121,40.0,13.16,7.3
96,1,0,0.0,1,97.6,98,26.0,5.28,11.6
76,1,0,0.0,0,203.6,61,49.0,8.09,8.4
141,1,0,0.0,1,126.9,98,37.0,9.0,8.0
67,0,1,4.56,0,181.1,59,95.6,10.8,16.9
87,1,0,0.0,1,168.2,92,48.0,11.24,12.9
79,1,0,0.0,3,130.2,119,47.0,14.55,14.0
124,1,1,2.03,1,251.4,104,82.3,11.26,7.5
89,1,0,0.15,0,192.1,83,48.5,8.18,6.1
100,1,1,3.51,1,246.6,94,89.1,7.07,13.0
122,0,0,0.0,1,146.3,117,44.0,10.94,11.5
103,1,1,2.94,6,87.2,92,59.4,8.47,10.9
62,1,0,0.0,4,321.1,105,78.0,13.28,11.5
113,1,0,0.0,3,132.1,72,44.0,12.38,6.9
74,1,1,3.56,4,154.1,122,78.6,9.77,13.2
59,1,1,1.84,1,133.1,114,60.4,11.06,6.8
79,1,1,2.46,1,167.9,114,74.6,12.19,9.1
112,1,0,0.0,2,185.4,114,48.0,9.57,10.0
55,1,0,0.0,0,175.6,147,44.0,8.09,9.3
152,1,0,0.23,1,161.4,84,44.3,8.18,11.8
7,1,1,2.92,1,221.4,114,81.2,8.29,10.8
81,1,0,0.0,1,145.4,132,36.0,6.47,5.2
111,1,0,0.0,4,229.4,107,58.0,10.71,10.4
104,1,0,0.3,2,113.6,87,36.0,7.93,10.5
82,1,1,2.38,2,163.8,77,63.8,6.75,8.8
53,1,1,3.46,2,131.2,63,76.6,11.37,12.8
74,1,1,2.67,4,249.4,70,87.7,10.48,9.9
146,0,0,0.0,3,204.4,135,54.0,10.96,10.5
119,1,1,2.16,2,217.1,92,77.6,11.04,8.0
88,1,1,2.94,1,93.4,106,67.4,12.6,10.9
111,1,1,2.78,2,128.8,104,63.8,7.87,10.3
111,1,0,0.0,4,176.9,128,39.0,5.14,10.5
92,1,1,3.27,2,243.1,92,92.7,10.69,12.1
77,1,0,0.0,2,251.8,72,61.0,10.29,9.8
126,0,0,0.0,2,197.6,126,55.0,12.33,12.5
130,1,0,0.0,1,150.4,119,46.0,11.53,12.3
52,1,0,0.0,1,204.4,97,58.0,13.66,11.0
117,1,0,0.0,1,143.3,103,43.0,10.57,11.5
42,0,0,0.0,2,180.7,127,46.0,8.73,12.0
116,1,0,0.0,3,137.4,126,34.0,6.0,12.4
115,1,0,0.0,0,245.2,105,56.0,7.95,7.2
151,1,1,3.62,0,196.5,98,85.2,8.79,13.4
74,1,0,0.34,0,187.7,127,49.4,8.17,9.1
148,1,1,2.67,1,158.7,91,67.7,8.03,9.9
88,1,0,0.0,1,142.2,107,47.0,13.12,10.1
33,1,0,0.0,3,184.4,111,49.0,10.19,9.3
139,1,0,0.0,1,236.6,109,55.0,8.5,11.1
83,0,1,2.86,2,94.7,111,58.6,7.72,10.6
155,1,0,0.0,3,165.4,108,44.0,9.19,8.9
81,1,1,3.16,3,115.9,120,71.6,11.83,11.7
113,1,1,3.13,0,183.8,102,78.3,9.17,11.6
137,1,0,0.21,1,104.7,115,42.1,12.49,8.9
62,1,0,0.0,2,172.8,101,47.0,10.24,9.1
68,1,0,0.0,1,159.5,123,48.0,12.04,11.4
179,1,0,0.0,1,170.7,54,46.0,9.56,13.3
59,1,0,0.0,0,189.7,100,43.0,5.8,7.4
127,0,0,0.32,2,247.5,99,55.2,5.43,10.6
168,1,1,1.97,2,175.9,70,67.7,10.59,7.3
71,1,0,0.0,3,290.4,108,71.0,12.7,10.1
55,0,0,0.0,1,269.6,121,61.0,8.59,8.2
173,1,1,1.35,3,232.4,96,71.5,10.6,5.0
91,0,0,0.0,1,151.8,115,35.0,5.18,12.2
30,1,0,0.0,1,54.0,68,25.0,8.97,10.2
40,0,0,0.23,0,220.8,100,63.3,13.29,6.4
56,1,0,0.0,2,164.3,92,48.0,11.69,11.8
13,1,0,0.0,2,220.4,100,56.0,10.56,13.6
87,1,1,0.0,1,165.8,122,45.0,9.35,0.0
87,1,0,0.0,3,169.1,105,44.0,8.5,9.9
75,1,1,1.43,5,175.8,97,63.3,10.88,5.3
83,1,0,0.0,0,195.0,92,52.0,10.53,11.0
149,1,0,0.0,7,166.6,61,47.0,10.94,8.2
57,1,0,0.31,3,189.3,157,51.1,8.75,11.2
163,1,1,2.81,1,160.0,104,72.1,9.47,10.4
63,1,0,0.0,3,132.9,122,29.0,3.35,9.9
138,1,0,0.28,2,87.6,112,40.8,13.35,9.8
73,1,0,0.0,1,192.2,86,47.0,8.43,9.4
80,0,0,0.0,2,189.1,122,52.0,11.16,13.9
111,1,0,0.33,0,181.8,117,48.3,7.91,9.7
55,1,0,0.0,2,194.1,121,49.0,8.83,7.0
105,0,0,0.31,3,150.0,106,54.1,14.69,10.3
77,1,1,2.73,1,149.4,74,63.3,6.2,10.1
129,1,0,0.0,2,216.0,85,53.0,9.35,4.9
48,1,1,2.16,1,172.0,111,68.6,10.01,8.0
97,1,0,0.0,1,112.7,119,38.0,10.89,6.5
64,1,1,3.59,1,154.6,92,69.9,4.17,13.3
64,1,0,0.4,1,219.2,73,56.0,8.35,10.0
99,1,0,0.0,0,155.3,93,49.0,13.29,12.4
52,1,0,0.0,3,148.3,83,41.0,9.08,8.3
90,1,0,0.0,2,205.7,138,49.0,8.1,12.5
159,1,0,0.0,0,167.4,68,41.0,7.19,10.3
151,1,0,0.0,1,134.5,88,36.0,7.16,15.4
64,1,0,0.0,1,224.8,111,55.0,9.5,9.2
184,1,1,2.75,0,200.3,76,83.5,12.68,10.2
58,1,0,0.0,2,247.2,116,68.0,15.19,9.3
34,1,0,0.0,0,151.0,102,37.0,6.57,9.9
63,1,0,0.0,3,117.1,118,42.0,12.48,11.1
132,1,1,3.7,0,201.9,93,85.0,7.82,13.7
75,1,0,0.0,1,226.1,105,56.0,10.08,10.3
87,1,0,0.0,2,238.0,97,55.0,8.23,10.6
72,1,0,0.0,4,287.4,116,69.0,11.77,5.0
183,1,0,0.28,1,190.0,100,56.8,12.33,9.5
86,1,0,0.0,1,171.8,106,55.0,15.09,9.7
134,1,1,4.48,0,80.3,94,75.8,10.0,16.6
144,1,1,3.29,2,251.6,87,92.9,9.88,12.2
88,1,0,0.0,3,138.3,116,44.0,11.8,9.6
62,1,0,0.29,1,159.9,100,44.9,8.61,5.6
82,1,0,0.0,1,143.7,116,39.0,8.54,7.8
117,1,0,0.0,2,158.7,84,43.0,9.09,7.7
88,0,0,0.0,4,235.1,98,62.0,12.59,7.2
194,1,0,0.0,0,193.3,106,48.0,8.45,11.8
117,1,0,0.0,1,97.1,98,36.0,11.4,10.6
99,0,0,0.0,4,197.2,127,47.0,7.8,9.9
79,1,0,0.0,3,222.3,99,51.0,7.31,8.9
81,1,0,0.0,0,129.9,121,42.0,11.51,13.3
90,1,0,0.0,3,113.2,108,36.0,9.47,14.1
169,1,0,0.0,1,235.7,79,52.0,6.85,13.3
142,1,1,2.92,1,154.0,75,70.2,8.29,10.8
67,1,0,0.0,2,171.7,80,39.0,5.52,11.9
17,1,1,2.7,6,153.1,115,69.0,9.3,10.0
109,1,0,0.0,3,154.8,82,51.0,14.39,5.9
141,0,1,3.02,0,258.6,84,93.2,11.1,11.2
116,0,0,0.3,3,215.4,104,58.0,10.24,12.6
89,1,1,1.59,0,97.8,98,50.9,10.36,5.9
143,1,0,0.0,1,155.4,112,52.0,14.55,13.9
78,1,0,0.35,0,87.0,102,35.5,9.68,11.0
90,1,0,0.0,1,261.8,128,64.0,11.03,9.6
71,1,1,1.51,2,141.4,107,53.1,8.15,5.6
72,1,0,0.28,2,179.9,113,46.8,7.49,9.8
140,1,0,0.0,2,235.5,81,62.0,12.86,11.5
124,1,0,0.0,0,178.4,72,51.0,11.68,12.0
100,1,1,3.27,1,218.7,104,83.7,7.75,12.1
189,1,1,3.08,3,256.7,98,87.8,7.53,11.4
145,1,1,3.0,2,257.7,97,88.0,8.11,11.1
180,1,0,0.0,2,139.0,96,43.0,11.25,15.7
71,1,0,0.0,0,243.7,124,47.0,3.0,11.3
118,1,1,3.43,2,91.5,125,69.3,11.0,12.7
118,1,0,0.0,4,188.8,60,51.0,10.87,8.2
53,1,1,3.24,2,167.3,99,77.4,9.74,12.0
208,1,0,0.33,2,326.5,67,74.3,8.82,10.7
95,1,0,0.0,1,183.4,98,56.0,14.07,8.2
93,1,0,0.0,0,173.0,131,46.0,9.52,10.4
147,0,1,3.0,3,157.5,109,73.0,9.48,11.1
100,0,0,0.0,1,107.2,98,26.0,4.34,9.7
94,1,1,2.67,3,92.7,107,53.7,6.39,9.9
126,1,1,3.4,3,114.3,102,70.0,9.52,12.6
85,1,0,0.0,5,165.8,96,45.0,9.5,10.9
122,1,0,0.0,4,296.4,99,69.0,10.74,11.4
105,1,1,2.35,2,147.0,112,65.5,9.87,8.7
132,1,1,2.46,1,154.6,128,72.6,12.28,9.1
103,1,0,0.0,1,141.3,123,46.0,12.68,6.4
106,1,0,0.0,1,274.4,120,64.0,9.93,6.0
85,1,0,0.0,1,176.4,122,50.0,11.25,11.5
129,1,0,0.0,4,143.7,114,50.0,14.89,11.4
189,1,1,4.16,1,155.2,116,84.6,9.78,15.4
110,1,0,0.29,2,149.8,112,43.9,9.0,11.7
98,1,0,0.0,4,221.2,80,56.0,10.68,11.9
63,1,1,1.78,1,142.3,107,52.8,5.94,6.6
89,1,0,0.0,1,179.7,128,57.0,14.99,7.6
70,1,0,0.0,3,232.1,122,65.0,14.62,0.0
91,1,1,2.48,0,162.3,107,72.8,11.7,9.2
141,1,1,2.0,1,308.0,123,94.0,12.39,7.4
32,1,1,3.51,0,232.8,97,91.1,9.18,13.0
174,1,1,3.92,4,167.8,91,85.2,10.27,14.5
75,1,0,0.0,4,109.0,88,41.0,12.97,13.3
116,1,0,0.35,2,205.0,90,50.5,7.05,7.5
15,1,0,0.0,2,135.2,101,36.0,7.63,8.4
77,1,0,0.21,4,175.5,86,50.1,10.26,17.8
87,1,0,0.0,1,205.2,106,44.0,4.98,13.4
109,1,1,2.86,5,230.5,116,90.6,13.29,10.6
36,0,1,5.4,0,196.8,89,110.0,12.75,20.0
91,0,0,0.0,2,246.4,110,58.0,9.1,12.1
75,1,0,0.34,1,117.3,114,41.4,10.06,12.2
88,1,0,0.0,1,113.7,67,34.0,8.26,10.8
130,1,0,0.0,0,183.0,112,38.0,3.65,9.5
100,1,1,1.92,0,58.8,104,48.2,10.98,7.1
79,1,0,0.0,2,134.7,98,40.0,9.49,11.8
155,1,0,0.0,1,190.3,123,58.0,15.07,8.0
119,1,1,3.19,2,154.0,114,81.9,13.9,11.8
94,1,0,0.0,0,181.3,135,47.0,9.12,6.7
130,1,0,0.0,3,203.9,63,51.0,9.59,12.1
111,1,0,0.0,3,255.9,97,61.0,10.21,12.3
53,1,1,1.94,0,146.8,107,71.4,15.5,7.2
107,1,0,0.47,3,212.1,95,53.7,7.51,7.7
23,1,0,0.0,1,113.1,74,34.0,8.44,6.9
81,0,0,0.25,0,227.4,105,59.5,10.58,11.9
98,1,0,0.0,5,206.5,92,51.0,8.81,12.4
97,0,0,0.0,4,145.0,103,50.0,14.72,11.0
149,1,0,0.0,0,156.0,56,32.0,2.8,8.9
38,1,0,0.0,0,149.0,92,30.0,2.46,13.9
116,1,0,0.0,2,89.5,128,31.0,9.04,14.0
142,1,0,0.42,0,216.8,134,57.2,9.39,8.3
22,1,1,3.43,3,182.1,94,79.3,8.23,12.7
121,1,0,0.0,5,215.6,74,54.0,9.65,10.1
67,1,0,0.14,0,115.5,70,43.4,12.61,7.5
209,1,0,0.0,3,255.1,124,63.0,11.53,8.5
64,1,1,1.59,8,210.0,116,71.9,11.64,5.9
103,1,1,3.92,2,185.4,105,88.2,9.88,14.5
116,1,0,0.0,0,288.0,120,71.0,12.79,13.4
107,1,0,0.0,1,157.1,79,41.0,8.13,12.1
71,1,0,0.0,0,104.0,92,35.0,9.85,14.6
122,1,0,0.0,1,231.2,141,63.0,13.39,8.8
63,0,1,2.97,1,199.0,110,88.7,14.57,11.0
118,1,0,0.0,2,189.3,119,53.0,11.68,10.0
127,1,1,1.3,0,173.0,91,64.0,12.29,4.8
182,1,0,0.35,1,176.1,90,48.5,8.75,9.7
197,1,0,0.0,0,233.9,96,59.0,10.95,9.5
123,1,0,0.15,3,211.0,92,56.5,10.85,9.8
100,0,0,0.0,2,159.9,94,43.0,9.0,11.6
74,1,0,0.2,2,85.7,83,38.0,12.39,10.1
138,1,1,4.05,1,183.9,83,92.5,12.04,15.0
116,1,1,3.19,2,118.0,103,66.9,8.36,11.8
176,1,1,1.94,1,283.2,130,81.4,8.13,7.2
134,1,0,0.35,2,177.2,91,53.5,11.44,8.9
146,1,1,2.21,3,154.0,80,64.1,9.28,8.2
142,1,0,0.2,4,232.5,74,57.0,9.09,10.4
164,1,0,0.0,1,123.3,78,36.0,8.5,12.7
114,1,1,2.27,4,225.8,94,77.7,9.65,8.4
151,1,0,0.0,0,178.7,116,56.0,14.61,9.8
168,1,0,0.37,2,183.2,131,50.7,8.96,9.9
35,1,0,0.0,2,158.6,67,39.0,6.52,6.9
141,1,1,2.73,1,148.6,91,64.3,6.56,10.1
124,0,0,0.0,1,244.6,89,58.0,9.44,11.3
67,1,1,2.67,2,115.6,111,66.7,11.89,9.9
190,1,0,0.17,2,182.2,101,51.7,10.62,9.3
62,0,0,0.0,0,159.7,86,44.0,9.88,13.9
140,1,0,0.0,1,159.1,104,50.0,13.49,10.3
87,1,0,0.0,2,153.3,106,46.0,11.23,8.9
123,1,1,3.38,1,198.7,127,88.8,12.45,12.5
135,0,1,1.57,2,127.7,54,55.7,10.75,5.8
138,1,1,2.21,0,75.8,102,50.1,8.68,8.2
192,1,1,2.67,2,156.2,77,71.7,10.78,9.9
51,1,0,0.0,1,183.1,99,45.0,8.01,7.0
25,1,0,0.26,2,178.8,90,45.6,7.06,8.4
91,0,0,0.0,2,145.0,89,40.0,8.79,16.7
76,1,0,0.0,0,169.5,77,40.0,6.2,10.0
88,1,0,0.27,1,181.9,90,46.7,7.58,7.5
46,1,0,0.42,1,139.4,81,47.2,11.19,13.6
87,1,0,0.31,0,136.3,97,41.1,8.61,7.1
146,0,0,0.0,1,133.0,65,45.0,13.14,11.2
108,1,1,2.46,6,209.5,108,69.6,5.48,9.1
61,1,0,0.0,1,197.3,67,57.0,13.23,9.0
104,1,0,0.0,2,200.2,92,45.0,5.94,6.0
136,1,0,0.0,7,163.4,83,49.0,12.47,9.8
141,1,0,0.24,2,160.1,87,52.4,12.84,7.0
95,1,0,0.0,2,142.5,109,40.0,8.81,8.2
115,1,0,0.0,2,195.9,111,53.0,11.35,13.2
91,1,0,0.0,0,190.5,128,50.0,10.28,13.8
90,1,1,1.73,1,124.5,94,58.3,11.59,6.4
147,1,0,0.33,1,212.8,79,57.3,10.21,10.2
139,1,0,0.0,1,165.0,132,50.0,12.49,12.6
54,0,0,0.0,1,214.1,77,57.0,12.03,10.1
86,1,1,2.73,0,197.9,99,75.3,8.28,10.1
70,1,0,0.0,0,175.4,130,44.0,7.98,11.6
50,1,0,0.0,3,188.9,94,50.0,10.2,11.6
131,1,0,0.0,1,166.5,129,47.0,10.51,9.9
51,1,0,0.0,1,181.5,108,48.0,9.85,10.3
68,1,0,0.0,0,94.1,93,29.0,7.38,10.1
113,1,0,0.0,1,207.2,113,57.0,12.8,9.9
31,1,1,2.86,1,171.8,116,78.6,12.04,10.6
159,1,0,0.0,1,189.1,105,54.0,12.31,10.4
127,1,1,3.02,1,183.2,117,72.2,6.34,11.2
180,1,1,2.05,1,231.8,78,80.5,11.65,7.6
25,1,0,0.0,2,134.3,98,41.0,10.12,12.6
42,1,0,0.0,1,303.9,106,72.0,11.61,5.8
171,1,0,0.0,1,231.2,135,56.0,9.44,12.3
77,1,0,0.0,0,189.5,112,50.0,10.35,9.2
110,1,0,0.24,3,100.1,90,39.4,11.67,11.1
110,1,0,0.33,1,208.0,69,47.3,4.76,8.0
89,1,1,2.86,1,215.1,140,82.6,9.87,10.6
141,1,1,3.32,0,116.9,127,77.2,13.83,12.3
106,0,1,3.89,1,270.3,111,103.9,10.76,14.4
105,1,1,3.48,0,101.9,79,71.8,11.16,12.9
121,0,1,2.35,3,254.1,127,82.5,9.01,8.7
101,1,0,0.0,0,257.3,84,60.0,9.24,13.5
111,1,0,0.0,4,222.2,96,52.0,8.13,11.9
72,1,1,1.57,1,92.8,98,54.7,13.56,5.8
68,0,0,0.0,1,148.5,126,44.0,10.97,14.5
119,1,1,1.78,1,161.3,97,66.8,12.52,6.6
125,1,0,0.0,2,191.6,115,51.0,10.28,9.2
125,1,0,0.0,1,203.4,110,46.0,6.44,11.0
110,1,0,0.23,1,178.5,124,45.3,7.35,9.9
143,1,0,0.2,1,155.5,101,47.0,10.67,7.6
140,1,0,0.0,3,173.2,91,47.0,9.84,11.2
114,1,0,0.29,1,84.7,118,38.9,12.5,14.5
45,1,1,3.21,0,196.6,84,93.1,15.66,11.9
71,1,1,3.81,1,175.7,82,90.1,12.95,14.1
40,1,1,1.67,2,148.1,74,56.7,8.48,6.2
63,1,0,0.19,0,180.5,126,52.9,11.5,10.6
92,1,0,0.0,3,154.0,122,55.0,16.49,5.6
93,1,1,2.54,2,218.7,117,72.4,5.75,9.4
177,1,0,0.0,2,232.8,106,55.0,8.76,12.5
42,1,0,0.33,2,150.7,52,50.3,12.34,7.0
120,1,0,0.36,2,98.2,99,36.6,9.34,9.3
162,1,0,0.0,1,49.2,121,21.0,7.2,12.1
22,1,0,0.0,0,207.7,116,54.0,10.53,9.6
114,0,1,3.32,2,174.5,104,82.2,11.21,12.3
101,1,0,0.0,1,118.6,89,38.0,9.98,11.5
162,1,1,2.51,1,179.7,144,75.1,10.91,9.3
127,0,0,0.0,2,242.2,102,61.0,11.31,13.9
171,1,1,1.57,1,186.9,94,68.7,12.0,5.8
114,1,0,0.0,1,189.8,101,45.0,7.39,10.6
77,1,0,0.0,1,67.7,68,29.0,9.79,12.0
66,1,0,0.0,2,256.3,135,59.0,9.01,6.2
53,1,0,0.0,2,184.8,98,50.0,10.82,18.4
66,1,1,3.27,1,106.7,76,68.7,10.49,12.1
104,1,1,3.0,1,189.1,112,78.0,8.91,11.1
75,0,0,0.29,1,153.2,78,46.9,10.54,7.8
201,1,0,0.24,1,212.7,72,58.4,11.26,7.0
100,1,0,0.0,4,113.3,96,37.0,9.9,11.7
149,1,1,2.94,1,206.7,79,79.4,8.73,10.9
113,1,0,0.0,2,156.0,141,49.0,12.84,11.9
78,1,0,0.0,2,152.9,81,48.0,12.83,5.3
127,0,0,0.0,4,143.2,60,40.0,8.98,6.2
160,1,0,0.0,1,234.9,136,63.0,13.54,13.9
79,1,0,0.0,2,213.6,110,57.0,11.75,8.8
78,1,0,0.0,1,231.0,115,59.0,11.52,9.5
108,1,1,4.19,0,215.9,106,95.9,10.03,15.5
95,1,0,0.0,2,203.4,96,49.0,8.43,13.7
59,1,0,0.42,1,150.2,70,46.2,9.29,12.1
64,1,0,0.29,1,162.6,83,43.9,7.62,14.2
138,0,0,0.0,4,46.5,104,24.0,9.3,9.6
122,1,1,2.27,3,195.4,83,79.7,13.41,8.4
157,1,0,0.0,2,185.1,92,50.0,10.65,8.5
67,1,1,3.48,2,186.2,117,91.8,14.34,12.9
150,1,0,0.0,4,189.3,77,51.0,11.05,9.2
147,0,1,2.19,3,219.9,118,77.9,10.43,8.1
127,1,0,0.0,1,146.7,91,43.0,10.18,13.7
32,1,0,0.0,2,164.8,98,48.0,11.5,14.8
58,1,0,0.0,4,174.4,112,53.0,13.29,0.0
71,1,0,0.0,1,207.0,112,50.0,8.69,12.1
88,1,0,0.0,2,65.4,97,26.0,8.41,13.8
69,1,0,0.0,0,196.1,87,54.0,11.84,11.9
105,1,0,0.0,2,273.8,97,72.0,14.49,5.8
108,1,0,0.0,2,73.8,105,25.0,7.17,10.9
78,1,0,0.0,0,163.6,88,52.0,14.17,8.6
75,1,0,0.0,3,224.7,116,55.0,9.6,11.3
161,0,0,0.0,1,194.2,106,55.0,12.47,12.9
43,1,0,0.0,1,168.4,125,50.0,12.19,11.1
85,1,0,0.0,1,210.3,66,53.0,9.79,11.2
128,1,1,3.78,1,171.2,88,79.8,7.29,14.0
95,1,0,0.44,3,156.6,88,52.4,12.38,12.3
70,1,0,0.0,0,232.8,95,66.0,15.17,12.9
44,1,0,0.35,0,204.6,117,56.5,10.26,10.7
58,1,1,3.02,1,240.4,80,81.2,5.95,11.2
135,1,0,0.42,1,201.8,81,58.2,11.25,10.3
94,1,0,0.0,1,207.0,109,50.0,8.37,2.6
154,1,0,0.0,3,191.4,93,50.0,10.27,10.2
46,1,0,0.0,2,257.4,67,66.0,13.06,13.4
94,1,0,0.0,4,181.8,85,49.0,10.12,9.2
117,1,1,1.84,1,198.1,86,67.4,8.85,6.8
52,1,1,2.21,0,169.3,88,70.1,11.3,8.2
103,0,0,0.38,3,62.8,124,29.8,8.52,9.4
189,1,0,0.25,3,227.8,124,56.5,8.48,5.6
90,1,1,3.08,1,94.8,89,65.8,10.96,11.4
112,1,0,0.0,0,166.0,79,35.0,3.73,6.3
183,1,0,0.0,0,108.3,87,35.0,9.18,13.5
174,1,0,0.22,2,139.4,96,38.2,7.17,10.0
159,1,0,0.0,1,87.7,103,39.0,13.91,10.5
157,1,0,0.39,3,168.6,71,50.9,10.26,5.9
215,1,0,0.31,0,83.6,148,28.1,6.05,10.7
151,1,0,0.0,0,194.8,106,58.0,14.64,5.5
21,1,1,2.57,6,135.9,90,72.7,13.55,9.5
73,1,0,0.31,0,240.3,130,58.1,8.13,11.9
124,1,1,2.4,1,161.2,109,69.0,10.21,8.9
50,1,0,0.0,1,131.7,108,41.0,10.83,11.0
159,0,0,0.44,1,257.1,53,75.4,15.61,8.8
123,1,0,0.0,3,260.9,85,59.0,8.43,13.3
65,1,0,0.29,4,129.1,137,44.9,11.43,12.7
78,1,0,0.0,0,149.7,119,41.0,9.11,9.7
113,1,0,0.0,2,150.1,120,43.0,10.01,11.0
156,1,0,0.0,3,174.3,95,46.0,9.33,12.9
152,1,0,0.22,2,101.2,122,32.2,7.08,7.5
176,1,0,0.32,1,201.9,101,51.2,7.74,9.0
145,1,0,0.0,0,241.7,137,53.0,6.79,13.1
63,1,1,2.32,1,30.9,113,45.2,9.35,8.6
107,0,0,0.0,2,273.5,104,63.0,9.19,11.0
138,1,0,0.18,1,230.1,107,59.8,10.6,13.2
101,1,0,0.25,3,217.7,118,59.5,11.59,0.0
85,1,0,0.0,0,235.8,109,54.0,7.86,12.0
131,0,0,0.34,3,122.3,83,34.4,5.94,13.7
138,1,0,0.43,2,170.5,87,44.3,5.91,11.2
69,1,0,0.29,2,194.2,122,56.9,12.11,9.7
94,1,0,0.15,0,139.4,95,39.5,7.96,7.7
136,0,1,2.43,2,85.2,98,59.3,11.52,9.0
113,1,1,2.35,5,157.8,83,64.5,8.08,8.7
152,1,0,0.0,1,317.8,60,68.0,7.65,10.4
87,1,0,0.0,3,177.2,72,52.0,12.45,8.6
139,1,1,2.24,2,231.0,85,81.4,11.12,8.3
102,1,0,0.33,1,271.1,80,64.3,8.6,10.3
209,1,0,0.0,3,227.2,128,61.0,12.92,8.9
120,0,0,0.0,2,202.0,123,51.0,9.22,7.4
115,1,0,0.0,7,139.3,89,41.0,9.62,9.3
83,1,1,3.19,1,78.5,109,63.9,10.53,11.8
138,1,0,0.0,3,251.0,119,51.0,4.56,13.8
62,0,1,3.56,0,218.4,93,93.6,11.84,13.2
166,1,0,0.29,1,204.2,115,52.9,9.0,9.5
24,1,0,0.23,0,243.0,91,59.3,9.2,15.3
64,1,1,2.3,1,118.4,100,56.0,7.21,8.5
33,1,1,4.05,0,186.8,124,94.5,13.05,15.0
31,1,0,0.0,0,177.3,129,44.0,7.64,5.1
112,1,1,3.0,4,213.0,121,86.0,11.31,11.1
45,1,0,0.0,1,207.6,71,49.0,7.64,12.4
84,1,0,0.0,1,146.8,133,40.0,8.59,9.9
125,1,0,0.39,2,131.8,97,38.9,6.84,7.7
132,1,0,0.31,1,191.9,107,54.1,10.35,12.6
83,1,1,2.84,0,107.9,90,59.4,7.02,10.5
105,1,1,2.92,3,274.7,99,93.2,9.68,10.8
182,1,0,0.0,2,279.1,124,63.0,9.03,9.5
193,1,1,3.16,0,71.2,58,54.6,6.24,11.7
105,1,0,0.26,2,147.7,103,47.6,11.14,12.8
95,0,1,1.11,0,220.2,109,65.1,9.27,4.1
91,1,0,0.0,2,123.8,107,49.0,15.95,7.3
131,1,1,2.46,0,69.1,122,45.6,5.07,9.1
79,1,0,0.31,1,268.3,114,65.1,9.28,6.3
62,1,0,0.0,1,248.7,109,61.0,11.0,13.2
56,1,0,0.0,1,226.0,112,60.0,12.43,6.9
86,1,0,0.0,3,124.1,82,39.0,10.13,6.7
177,1,0,0.0,1,227.8,81,53.0,8.09,8.0
224,1,0,0.21,3,111.4,133,36.1,8.75,5.5
97,1,0,0.0,2,239.8,125,60.0,10.74,8.7
72,1,0,0.0,0,166.5,102,51.0,13.05,13.3
101,1,0,0.0,1,220.3,124,54.0,9.43,10.6
128,1,0,0.0,1,216.0,111,50.0,7.69,12.7
129,1,0,0.23,1,137.8,120,45.3,11.29,10.2
183,1,1,2.35,2,86.5,119,62.5,14.26,8.7
163,1,1,3.35,2,215.1,91,82.5,6.95,12.4
90,1,0,0.0,3,179.1,71,47.0,9.53,10.6
132,1,0,0.0,1,291.2,104,70.0,11.71,8.9
114,1,0,0.0,2,187.8,109,46.0,7.73,10.1
64,1,1,2.03,1,291.1,150,89.3,11.34,7.5
4,0,0,0.0,0,145.3,89,51.0,15.19,8.9
123,1,0,0.0,0,154.3,107,42.0,9.15,10.9
43,1,0,0.26,2,159.5,99,40.6,5.99,6.8
83,1,0,0.0,0,117.9,101,34.0,8.02,11.4
101,1,1,2.73,0,121.1,116,64.3,9.32,10.1
139,1,0,0.0,3,196.0,135,50.0,9.3,9.8
59,1,0,0.0,2,107.8,113,37.0,10.83,9.9
141,1,0,0.0,0,192.4,111,47.0,7.85,11.0
142,0,1,2.65,0,191.1,109,72.5,7.48,9.8
128,1,0,0.0,1,237.9,125,62.0,12.38,13.9
88,1,0,0.0,5,131.5,99,38.0,8.74,7.9
157,1,0,0.0,4,220.7,105,48.0,5.97,11.5
43,1,0,0.0,4,177.2,93,43.0,7.13,12.7
131,1,1,3.62,1,156.6,134,69.2,3.55,13.4
65,1,1,2.65,0,224.2,106,81.5,9.48,9.8
56,1,0,0.0,1,121.6,84,35.0,8.27,8.9
66,1,0,0.0,1,167.3,91,48.0,11.5,10.6
129,0,0,0.39,1,192.9,131,52.9,9.28,10.9
88,1,0,0.26,3,144.3,116,40.6,7.82,7.8
131,1,1,1.81,1,174.0,118,66.1,10.27,6.7
60,1,0,0.35,3,125.1,99,46.5,12.44,11.2
125,1,1,2.78,0,268.4,112,92.8,11.11,10.3
71,1,0,0.23,4,258.4,132,57.3,6.34,9.7
74,1,1,3.54,2,194.6,84,79.4,6.0,13.1
98,1,0,0.0,0,288.1,101,61.0,6.9,0.0
152,1,1,3.59,5,239.1,105,94.9,10.46,13.3
63,1,0,0.0,1,58.9,125,25.0,8.48,9.4
135,1,0,0.0,1,190.9,44,47.0,8.07,8.4
71,1,0,0.0,2,141.2,132,37.0,7.46,7.0
28,1,0,0.0,6,121.7,48,32.0,6.29,8.3
99,1,1,2.86,2,179.1,93,79.6,11.92,10.6
76,1,0,0.21,1,165.7,94,53.1,12.87,10.0
60,1,0,0.0,2,252.7,97,62.0,11.06,12.4
106,1,0,0.25,2,165.3,118,48.5,10.5,8.5
92,0,0,0.0,0,264.3,91,59.0,8.05,9.3
82,1,0,0.17,1,143.9,61,43.7,9.75,11.1
169,1,0,0.0,2,179.2,111,46.0,8.76,9.9
132,1,0,0.0,4,197.8,66,46.0,6.7,10.9
156,1,0,0.33,1,178.8,94,49.3,8.92,7.5
86,1,0,0.42,3,190.5,115,52.2,8.98,10.1
160,1,0,0.38,3,85.8,77,32.8,8.27,9.2
52,1,0,0.0,0,165.5,78,46.0,10.28,12.2
109,1,0,0.0,1,264.7,69,71.0,15.25,9.5
158,1,0,0.14,0,205.2,97,57.4,12.03,14.4
80,1,0,0.0,2,268.7,120,72.0,15.05,5.8
74,1,0,0.0,3,314.1,86,73.0,11.12,12.3
84,1,1,3.05,0,214.3,112,83.5,9.41,11.3
77,1,0,0.0,3,185.9,95,50.0,10.6,11.3
124,1,0,0.21,0,167.4,119,51.1,11.66,10.3
113,1,0,0.0,0,81.3,116,33.0,11.03,8.9
68,0,1,3.65,1,195.5,113,84.5,8.58,13.5
141,1,0,0.0,0,185.1,126,52.0,11.65,9.1
148,1,0,0.29,2,243.0,115,60.9,9.59,13.4
111,1,1,3.02,3,166.2,54,79.2,11.94,11.2
67,1,1,2.59,1,104.9,65,62.9,10.82,9.6
75,0,0,0.0,4,211.3,61,45.0,5.28,9.7
29,1,0,0.0,2,313.2,103,72.0,10.82,12.8
46,1,0,0.21,3,199.2,111,51.1,8.76,10.2
91,1,1,2.46,1,216.6,101,76.6,8.66,9.1
98,1,0,0.0,1,169.9,77,41.0,6.92,8.5
108,1,1,2.57,2,169.8,136,69.7,8.69,9.5
167,1,0,0.0,1,166.4,85,49.0,12.16,9.9
81,1,1,2.62,0,210.4,100,81.2,11.28,9.7
90,1,1,3.0,2,185.6,106,81.0,10.99,11.1
77,1,0,0.0,5,62.4,89,26.0,8.5,5.7
69,1,0,0.29,3,195.3,70,54.9,10.84,12.5
66,1,1,2.4,1,174.7,92,74.0,11.61,8.9
130,1,0,0.0,0,68.4,86,29.0,9.67,10.4
65,1,0,0.28,2,192.0,89,47.8,6.98,5.5
65,1,0,0.0,3,211.3,120,50.0,8.13,13.2
147,0,0,0.0,0,157.0,79,36.0,5.16,7.1
177,0,0,0.0,1,248.7,118,57.0,8.62,11.3
120,1,1,1.86,1,215.8,123,79.6,14.26,6.9
132,1,0,0.0,1,206.2,100,53.0,10.56,10.2
102,1,0,0.0,0,174.5,79,50.0,11.84,8.5
167,1,0,0.0,0,207.6,88,47.0,6.62,14.1
121,1,0,0.0,2,168.9,128,40.0,6.2,2.9
89,1,0,0.0,1,137.9,96,40.0,9.63,11.0
90,1,0,0.0,0,109.9,102,38.0,11.04,10.9
92,1,0,0.0,1,265.6,82,61.0,9.04,8.6
97,1,0,0.0,3,218.0,86,53.0,9.2,6.4
1,1,0,0.0,1,175.2,74,43.0,7.59,5.3
35,1,0,0.0,5,138.1,115,37.0,7.91,10.3
123,1,0,0.0,2,114.8,94,33.0,7.5,9.6
110,1,0,0.3,1,222.7,94,50.0,5.29,13.5
133,1,0,0.0,0,245.8,102,65.0,13.24,11.2
57,1,0,0.0,0,221.1,101,58.0,11.84,9.5
68,1,0,0.0,2,207.6,68,57.0,12.58,10.9
123,1,0,0.24,0,204.4,88,49.4,6.88,10.0
123,1,1,0.78,0,146.6,87,42.8,5.74,2.9
92,1,0,0.0,1,197.0,84,57.0,13.47,10.8
99,1,0,0.0,2,128.8,86,40.0,10.2,14.1
102,1,0,0.0,1,103.1,70,41.0,13.75,11.2
105,1,0,0.0,1,251.6,88,58.0,8.76,5.4
93,1,0,0.0,3,190.7,114,51.0,10.91,8.1
70,1,0,0.0,1,230.3,110,46.0,3.9,13.2
81,1,0,0.0,1,154.5,84,45.0,10.81,13.7
92,1,0,0.29,1,212.4,105,58.9,11.23,9.0
110,1,0,0.34,1,192.6,102,51.4,8.95,9.4
74,1,0,0.32,2,298.1,112,71.2,10.07,9.7
99,1,0,0.0,1,254.4,120,57.0,7.97,6.0
191,1,0,0.0,1,162.0,104,49.0,12.06,10.9
120,1,0,0.26,1,192.6,123,53.6,10.32,10.8
93,1,1,1.84,2,138.1,91,56.4,8.37,6.8
120,1,1,2.84,0,200.3,68,81.4,11.02,10.5
136,1,0,0.0,0,102.1,75,37.0,10.98,9.8
41,1,0,0.21,3,202.9,97,50.1,7.69,9.0
80,1,0,0.0,0,194.8,116,51.0,10.5,12.8
130,1,0,0.24,0,212.8,102,55.4,9.49,10.6
54,1,0,0.0,1,210.5,102,54.0,10.23,8.5
124,1,0,0.0,3,157.4,107,42.0,8.39,8.8
92,1,1,3.43,2,184.0,99,72.3,3.82,12.7
83,1,0,0.0,2,134.8,96,38.0,8.36,7.7
40,1,0,0.28,0,242.5,82,64.8,11.65,9.6
84,1,0,0.0,1,75.3,96,29.0,9.0,12.3
98,0,0,0.0,1,12.5,67,24.0,12.83,7.7
88,0,1,3.51,1,288.5,114,102.1,10.17,13.0
128,1,1,4.32,1,142.3,73,84.2,9.74,16.0
93,1,0,0.0,0,114.3,100,39.0,11.06,10.9
86,1,0,0.0,1,141.3,72,38.0,7.72,8.2
116,1,1,3.0,0,230.6,94,89.0,11.21,11.1
164,1,0,0.27,1,160.6,111,44.7,8.16,9.0
125,1,0,0.0,0,163.8,73,50.0,12.78,15.7
125,1,0,0.0,1,229.3,103,55.0,8.87,12.0
139,1,0,0.0,1,221.3,140,52.0,7.89,11.3
78,1,1,3.56,0,197.4,73,94.6,14.79,13.2
44,1,0,0.33,2,228.1,121,66.3,13.83,9.9
29,1,0,0.0,1,195.6,71,44.0,6.32,14.2
51,1,0,0.0,0,214.8,94,50.0,7.49,10.2
105,1,0,0.0,4,162.3,99,46.0,10.63,11.1
144,1,1,1.0,0,105.0,86,39.0,6.09,3.7
136,0,0,0.0,3,199.6,89,52.0,10.57,11.0
64,1,0,0.43,2,168.0,116,49.3,9.62,10.1
93,1,0,0.0,3,267.9,114,65.0,11.15,11.3
41,1,1,4.64,2,194.4,63,101.4,12.75,17.2
88,1,0,0.31,1,181.5,116,50.1,9.35,10.5
75,1,1,1.13,3,117.5,102,49.3,10.34,4.2
100,1,0,0.32,0,278.0,76,66.2,8.84,8.3
63,1,1,3.29,1,190.0,137,75.9,5.83,12.2
129,1,0,0.0,3,207.0,91,49.0,7.75,13.4
72,1,0,0.0,1,138.9,111,42.0,10.58,10.8
130,1,0,0.0,1,176.3,140,48.0,10.05,11.3
43,1,0,0.0,0,135.8,125,37.0,8.16,12.6
107,1,0,0.0,3,146.9,94,35.0,5.72,11.4
49,1,0,0.0,2,266.3,90,63.0,10.39,14.0
81,0,0,0.0,1,250.6,85,59.0,9.4,7.8
162,1,1,3.32,0,184.5,139,80.2,9.16,12.3
70,1,0,0.0,1,152.8,145,42.0,9.18,10.5
51,1,0,0.0,0,227.2,89,56.0,9.72,14.9
119,0,1,2.35,5,160.0,95,69.5,10.48,8.7
54,1,1,3.05,2,112.0,90,67.5,10.4,11.3
128,0,1,2.54,2,223.5,81,80.4,9.44,9.4
133,1,0,0.0,2,187.0,65,44.0,7.07,10.0
105,1,0,0.0,2,119.3,82,37.0,9.26,10.9
137,1,0,0.0,3,242.1,118,58.0,9.55,14.7
131,1,0,0.0,1,109.5,95,47.0,16.61,6.6
63,1,0,0.0,0,149.3,104,49.0,13.68,9.1
130,1,0,0.0,2,211.2,119,56.0,11.56,6.3
79,1,0,0.0,0,177.9,83,45.0,8.37,15.2
81,1,1,3.08,0,130.1,117,69.8,9.8,11.4
210,1,0,0.28,2,104.6,121,33.8,7.48,6.5
51,1,0,0.0,1,259.9,114,60.0,8.81,15.3
94,1,0,0.0,1,163.5,136,41.0,7.19,12.6
68,1,0,0.41,3,131.6,89,39.1,6.85,10.2
145,1,0,0.0,2,187.9,110,49.0,9.85,4.8
89,0,0,0.0,1,125.6,108,40.0,10.65,5.4
75,1,0,0.0,0,305.1,106,68.0,9.4,8.5
84,1,1,3.46,1,153.9,102,73.6,7.04,12.8
78,1,0,0.17,1,109.5,105,44.7,14.31,4.9
107,1,1,3.21,1,201.8,79,93.1,15.25,11.9
89,1,0,0.0,1,326.3,112,70.0,8.26,7.5
61,0,1,3.16,3,128.2,119,68.6,8.59,11.7
102,1,0,0.0,1,195.7,116,52.0,10.46,8.3
139,1,1,3.48,2,96.2,112,66.8,8.95,12.9
83,1,0,0.0,1,132.4,120,33.0,6.08,8.6
112,1,0,0.0,1,81.6,94,37.0,13.41,8.6
69,0,1,2.21,1,271.5,98,90.1,12.67,8.2
1,1,1,2.7,1,146.6,68,67.0,8.64,10.0
73,1,0,0.0,1,182.3,115,48.0,9.96,18.0
44,1,0,0.34,4,308.6,139,69.4,7.54,7.3
145,0,1,3.0,1,175.3,107,73.0,7.67,11.1
165,1,0,0.13,1,156.0,88,51.3,13.81,9.3
37,1,0,0.0,3,271.7,112,60.0,7.76,6.6
148,1,1,2.94,1,77.6,141,60.4,10.35,10.9
13,1,1,3.48,1,265.3,94,92.8,7.38,12.9
141,1,0,0.32,1,83.2,74,34.2,9.53,10.7
79,1,0,0.0,1,147.0,72,40.0,8.29,8.4
172,1,1,2.38,1,274.9,102,86.8,9.33,8.8
93,1,0,0.31,0,151.4,89,45.1,9.32,10.9
61,1,1,2.32,0,288.7,101,90.2,10.19,8.6
87,1,1,1.92,2,240.8,102,67.2,3.8,7.1
110,1,0,0.0,3,185.1,100,46.0,8.26,6.3
101,1,1,2.21,2,118.9,112,62.1,11.42,8.2
96,1,1,2.3,1,150.0,91,63.0,7.97,8.5
119,1,1,3.13,1,132.0,100,69.3,8.67,11.6
35,1,0,0.0,2,179.2,59,55.0,14.17,5.8
60,1,0,0.0,1,220.6,57,56.0,10.56,6.8
99,1,0,0.28,1,145.6,102,47.8,11.55,11.4
97,1,0,0.0,3,211.0,76,52.0,9.45,4.7
116,1,0,0.0,0,160.7,69,40.0,7.34,8.2
105,1,0,0.38,1,213.4,100,57.8,10.25,9.5
19,1,1,3.05,1,156.6,97,76.5,11.21,11.3
119,1,0,0.39,1,176.8,90,53.9,11.24,7.5
97,0,0,0.28,0,143.7,117,50.8,13.65,10.9
225,1,0,0.3,0,165.4,106,55.0,13.69,8.7
76,1,0,0.0,0,173.2,93,41.0,6.56,5.4
76,1,1,2.19,1,214.6,110,75.9,10.26,8.1
50,1,1,2.3,3,252.9,112,82.0,8.9,8.5
138,0,0,0.0,0,196.2,129,49.0,8.83,15.2
90,1,0,0.0,2,179.2,77,49.0,10.54,9.2
143,1,0,0.0,2,194.3,99,44.0,6.18,10.2
159,1,0,0.29,5,198.8,107,53.9,9.78,16.5
145,1,0,0.0,2,129.4,97,38.0,9.27,1.1
127,0,0,0.26,2,180.9,114,51.6,10.48,7.4
118,1,0,0.0,1,136.1,120,41.0,10.21,11.3
89,1,0,0.29,1,178.7,81,53.9,11.69,9.1
37,1,0,0.0,3,191.4,116,47.0,8.37,14.0
38,1,1,3.62,2,142.4,106,87.2,15.69,13.4
86,1,0,0.0,1,92.8,92,30.0,7.98,8.8
107,1,1,3.0,0,60.0,102,49.0,5.11,11.1
118,1,0,0.0,0,140.4,112,40.0,9.36,7.9
103,1,0,0.0,0,198.5,112,38.0,2.13,12.4
31,1,0,0.0,1,165.4,84,46.0,10.19,8.2
130,1,0,0.0,2,242.5,101,50.0,5.14,9.3
98,1,0,0.38,5,227.1,116,52.8,6.03,4.7
77,1,0,0.0,5,239.2,114,54.0,7.5,10.3
149,1,0,0.0,3,217.7,91,61.0,13.68,9.6
66,1,0,0.24,1,87.6,76,40.4,13.1,9.2
70,1,0,0.27,0,7.9,100,15.7,6.82,12.1
144,1,0,0.0,1,201.1,99,60.0,15.18,13.2
93,1,0,0.0,4,164.5,95,48.0,11.55,9.9
65,1,0,0.0,2,158.8,53,44.0,9.43,9.8
86,1,0,0.0,3,136.4,104,41.0,10.13,11.5
84,1,0,0.0,0,191.0,88,60.0,15.94,6.5
102,1,0,0.0,2,102.6,89,39.0,12.3,9.1
93,1,0,0.29,1,328.1,106,71.9,7.59,8.7
79,1,0,0.0,1,152.2,112,41.0,8.86,5.3
115,0,0,0.0,1,345.3,81,76.0,10.17,11.8
120,1,0,0.0,1,158.0,110,44.0,9.85,10.0
115,0,0,0.0,1,249.9,95,64.0,12.13,15.3
152,1,0,0.0,1,206.3,98,60.0,14.64,10.6
83,1,1,3.59,0,95.9,87,74.9,13.08,13.3
129,1,1,4.43,1,192.8,103,92.3,8.85,16.4
201,1,1,4.08,1,192.0,97,93.8,11.96,15.1
55,1,0,0.4,0,285.7,124,73.0,11.55,14.8
86,1,1,3.43,2,261.2,122,97.3,10.71,12.7
42,1,0,0.0,0,155.4,127,41.0,8.21,9.0
124,1,0,0.0,1,131.8,82,47.0,14.22,11.3
156,1,0,0.0,0,174.5,65,47.0,9.87,10.6
92,1,1,2.62,0,134.0,112,67.2,10.3,9.7
88,1,0,0.0,2,274.6,105,61.0,8.06,9.2
124,1,0,0.0,1,169.3,108,44.0,8.93,12.2
115,1,0,0.0,1,286.4,125,67.0,10.29,6.9
78,0,0,0.0,1,236.8,141,63.0,13.27,9.5
118,1,0,0.0,0,154.8,71,48.0,12.2,12.8
40,1,0,0.0,4,169.7,115,41.0,7.07,10.5
105,1,1,2.3,0,193.5,85,75.0,11.01,8.5
117,1,0,0.26,2,214.4,94,51.6,6.9,9.9
93,1,0,0.0,0,179.5,121,47.0,9.6,12.0
118,1,0,0.0,2,253.2,122,61.0,10.05,9.7
67,1,0,0.31,2,129.0,78,41.1,9.4,11.2
106,1,1,2.19,1,83.6,131,53.9,10.2,8.1
166,1,0,0.0,3,199.6,93,53.0,10.72,7.2
101,1,0,0.0,3,269.7,85,64.0,10.38,4.5
48,1,1,3.56,1,141.1,109,79.6,11.24,13.2
99,0,1,2.27,0,126.8,94,69.7,14.68,8.4
103,1,1,3.11,0,149.9,84,72.1,8.55,11.5
93,1,0,0.0,3,266.0,120,57.0,6.51,13.1
160,1,0,0.18,1,166.8,109,50.8,11.8,9.3
146,1,0,0.0,1,206.3,151,48.0,7.43,6.1
68,1,0,0.0,3,148.8,70,47.0,12.33,12.1
146,1,0,0.0,0,189.3,77,46.0,7.8,7.4
129,1,0,0.41,2,159.1,100,49.1,10.13,11.5
76,1,0,0.0,0,272.7,97,67.0,11.82,7.7
74,1,0,0.22,0,102.7,89,33.2,7.47,11.0
94,1,0,0.22,0,137.5,118,43.2,10.16,13.4
65,1,0,0.0,1,116.8,87,36.0,8.95,14.1
56,1,0,0.25,0,221.9,112,64.5,13.91,7.1
108,1,0,0.0,0,198.5,99,57.0,13.39,9.4
165,1,1,2.57,3,167.4,113,69.7,8.64,9.5
83,1,0,0.0,3,231.3,100,58.0,10.52,12.4
87,0,1,3.11,1,221.6,79,83.1,7.86,11.5
171,1,0,0.25,0,189.8,122,50.5,8.69,10.3
104,1,0,0.0,0,263.4,101,65.0,11.78,13.0
78,1,0,0.0,0,208.9,119,57.0,12.62,12.8
117,1,0,0.41,2,144.6,115,51.1,12.94,7.4
127,1,0,0.0,1,182.3,124,46.0,8.5,9.3
129,1,0,0.0,4,186.0,127,54.0,13.12,11.5
74,1,0,0.0,1,165.3,120,45.0,9.93,9.8
111,1,0,0.0,5,123.1,88,40.0,10.7,12.0
119,1,0,0.0,1,231.5,82,63.0,13.35,7.4
101,1,0,0.0,1,93.8,127,29.0,7.5,10.7
150,1,0,0.0,1,169.2,123,48.0,10.84,12.6
47,1,1,3.56,2,112.8,150,75.6,12.2,13.2
64,1,1,2.05,1,200.4,80,66.5,6.56,7.6
28,1,0,0.0,3,168.2,87,43.0,8.09,10.1
147,1,1,3.73,5,254.2,78,100.3,11.41,13.8
85,1,0,0.0,1,126.1,112,45.0,13.74,9.8
60,1,0,0.0,2,180.3,67,49.0,10.4,12.8
100,1,0,0.0,2,142.5,87,41.0,9.79,7.8
65,1,0,0.0,1,213.4,111,57.0,11.73,2.7
113,1,0,0.0,4,215.5,129,56.0,10.94,6.6
84,1,0,0.0,0,169.5,96,43.0,7.88,10.6
137,1,0,0.0,1,215.9,76,50.0,7.27,12.1
102,1,0,0.0,2,273.2,85,65.0,10.56,13.1
89,1,0,0.0,1,82.3,77,29.0,8.36,7.2
71,1,0,0.0,3,197.9,108,50.0,9.08,6.7
101,1,1,2.38,1,123.7,125,59.8,8.63,8.8
116,1,1,2.89,1,232.9,90,81.9,7.61,10.7
64,1,1,2.43,3,228.6,88,84.3,12.43,9.0
158,1,0,0.0,1,202.0,126,49.0,8.18,10.4
115,1,0,0.0,2,99.7,107,30.0,7.26,14.1
122,1,0,0.39,1,170.5,94,47.9,8.69,11.3
146,1,1,2.11,1,202.5,91,76.1,12.07,7.8
93,1,0,0.23,2,176.1,103,49.3,9.99,8.5
136,1,1,1.86,1,205.5,86,79.6,14.93,6.9
61,0,0,0.0,2,78.2,103,30.0,9.8,10.1
62,1,0,0.0,2,182.3,101,59.0,16.41,11.2
149,1,0,0.0,4,119.2,88,35.0,8.42,12.2
54,1,1,3.13,2,92.3,88,64.3,9.66,11.6
121,0,0,0.0,3,167.7,94,37.0,4.69,13.4
89,0,1,3.0,0,112.6,114,72.0,13.09,11.1
127,1,0,0.33,2,221.0,100,55.3,8.04,6.8
34,1,1,2.89,2,151.5,100,75.9,12.44,10.7
96,1,0,0.0,2,98.2,100,43.0,15.36,7.6
111,1,0,0.0,0,224.9,117,55.0,9.6,10.3
29,1,0,0.0,2,196.8,81,48.0,8.4,12.7
98,1,0,0.0,4,271.4,119,63.0,9.52,11.1
77,1,0,0.0,1,221.8,84,52.0,8.3,13.2
111,1,0,0.0,0,284.4,89,62.0,7.85,8.4
64,0,0,0.18,2,236.2,77,60.8,10.93,13.2
55,1,1,3.38,2,189.3,95,76.8,5.93,12.5
51,1,1,2.24,0,276.7,121,87.4,10.19,8.3
153,1,0,0.0,1,195.4,107,47.0,7.73,11.6
91,1,0,0.0,2,134.7,116,48.0,14.77,6.6
106,1,0,0.0,0,159.6,94,51.0,13.84,8.8
112,1,0,0.29,0,194.4,101,52.9,9.52,11.4
68,1,0,0.0,1,237.1,105,60.0,11.18,13.2
154,1,1,2.43,2,192.3,82,71.3,8.27,9.0
93,1,0,0.21,0,141.7,95,45.1,11.05,10.2
140,1,0,0.0,0,194.8,107,48.0,8.55,13.9
153,1,0,0.0,1,185.3,127,50.0,10.4,15.1
78,1,1,1.73,2,281.2,93,80.3,8.91,6.4
184,0,0,0.0,2,213.8,105,50.0,7.98,5.0
149,0,1,2.38,5,126.9,97,59.8,8.35,8.8
81,1,0,0.0,2,173.2,80,50.0,11.81,11.8
59,0,1,2.46,1,225.0,78,79.6,9.57,9.1
136,1,0,0.3,2,142.3,79,41.0,7.9,6.0
128,1,0,0.0,2,268.1,95,56.0,6.03,14.4
103,1,0,0.0,1,166.6,84,45.0,9.62,7.7
70,1,0,0.0,0,148.4,110,48.0,13.36,8.9
125,1,0,0.0,1,126.7,108,40.0,10.3,13.3
69,1,0,0.0,1,153.7,109,43.0,9.7,14.1
112,1,0,0.0,4,193.3,96,56.0,13.21,9.1
24,1,0,0.0,1,241.9,104,54.0,7.26,6.6
92,1,1,1.73,1,201.3,130,69.3,10.19,6.4
117,1,1,2.08,3,104.9,115,59.8,11.88,7.7
123,1,0,0.0,2,236.2,135,64.0,13.7,10.1
115,1,0,0.0,2,178.7,114,54.0,13.55,16.4
96,1,0,0.0,1,276.9,105,69.0,12.35,10.3
54,1,0,0.16,2,159.8,99,51.6,13.2,9.7
44,1,0,0.21,3,288.1,112,73.1,12.9,10.2
53,1,0,0.31,0,261.2,119,69.1,12.54,9.8
1,1,0,0.0,0,123.8,113,42.0,11.81,3.7
159,1,0,0.0,2,275.8,103,63.0,9.48,7.4
62,1,0,0.0,1,98.9,103,29.0,6.77,12.2
102,1,0,0.0,1,129.5,56,53.0,17.71,10.9
123,1,0,0.0,2,140.0,106,37.0,7.69,12.5
95,1,0,0.0,3,141.1,84,42.0,10.57,5.9
124,1,0,0.0,3,234.4,61,56.0,8.97,10.4
43,1,0,0.0,1,241.9,101,53.0,6.47,5.9
103,1,0,0.38,2,70.9,134,27.8,6.73,12.0
81,1,0,0.0,1,261.4,141,63.0,10.79,8.0
60,1,0,0.0,3,193.9,118,41.0,4.25,13.2
78,1,0,0.0,2,190.3,88,49.0,9.73,11.7
71,0,0,0.0,3,178.2,113,45.0,8.39,13.6
170,1,0,0.0,2,184.1,106,49.0,10.25,9.8
85,1,0,0.25,0,127.9,107,47.5,13.56,12.5
58,1,0,0.0,1,149.4,145,43.0,9.83,14.9
10,1,0,0.0,2,183.0,103,50.0,10.74,8.7
146,0,0,0.0,1,111.1,126,46.0,15.67,10.5
86,0,0,0.0,2,162.4,131,42.0,8.35,11.4
122,1,0,0.0,2,234.1,101,57.0,10.01,13.1
90,0,0,0.0,4,148.2,96,44.0,11.02,9.2
124,1,0,0.0,1,191.3,134,55.0,13.08,10.0
104,1,0,0.0,3,76.4,116,23.0,5.78,9.4
112,1,0,0.0,5,111.9,92,29.0,5.7,14.1
112,1,1,3.11,1,198.8,122,86.1,11.93,11.5
68,1,1,1.3,3,82.5,97,52.0,14.5,4.8
106,1,0,0.31,2,114.4,104,30.1,3.92,0.0
89,1,0,0.0,1,303.9,95,74.0,13.05,5.3
63,1,0,0.36,0,211.7,107,63.6,13.59,7.4
117,1,0,0.0,1,184.8,83,53.0,12.43,9.6
88,1,1,2.65,2,190.6,104,79.5,11.87,9.8
83,1,0,0.0,1,227.9,78,57.0,10.38,12.1
97,1,0,0.0,1,168.6,87,51.0,12.96,7.3
66,1,0,0.33,3,116.4,98,31.3,4.78,10.5
45,1,1,2.13,2,135.8,104,63.3,11.13,7.9
146,1,0,0.0,3,195.9,86,53.0,11.43,12.2
184,1,0,0.21,2,151.7,93,43.1,8.93,13.1
122,1,1,2.3,2,134.2,85,66.0,11.37,8.5
139,1,0,0.0,5,134.4,106,41.0,10.57,10.2
29,0,1,1.54,2,235.0,101,71.4,9.17,5.7
121,1,1,3.08,1,68.7,95,60.8,10.46,11.4
143,1,0,0.0,1,133.4,107,42.0,11.2,10.2
69,1,0,0.0,0,185.3,91,51.0,10.96,5.5
99,1,0,0.0,1,241.1,72,55.0,7.78,11.6
130,1,0,0.0,0,124.3,70,45.0,13.54,3.5
138,1,0,0.0,3,127.1,102,43.0,12.39,5.0
190,0,0,0.0,3,111.9,55,38.0,11.15,10.0
115,1,1,1.22,0,155.2,110,59.2,11.55,4.5
70,1,1,2.78,1,125.9,101,66.8,9.82,10.3
53,1,0,0.0,9,228.6,117,51.0,6.64,10.1
130,1,0,0.0,2,154.2,119,36.0,5.51,9.2
98,1,0,0.41,1,187.2,127,53.1,9.78,5.1
31,1,0,0.19,1,97.5,129,40.9,13.02,7.0
110,1,0,0.24,1,18.9,92,28.4,12.92,14.8
91,0,1,2.67,0,93.5,112,58.7,9.17,9.9
148,0,0,0.0,0,218.9,88,55.0,10.4,11.1
113,1,0,0.0,2,128.7,100,42.0,11.36,9.2
140,1,0,0.28,3,129.6,79,45.8,12.31,9.4
105,1,0,0.0,2,102.8,74,42.0,14.09,13.2
108,1,0,0.0,1,215.6,78,54.0,9.77,3.6
101,1,0,0.0,1,174.9,105,52.0,13.1,8.5
89,0,0,0.0,0,206.9,134,50.0,8.39,10.9
117,1,1,3.21,1,153.2,112,81.1,13.17,11.9
109,1,0,0.0,2,137.0,128,42.0,10.85,10.0
60,1,1,3.46,2,191.8,75,90.6,13.39,12.8
146,0,0,0.0,2,160.1,63,45.0,10.42,9.2
112,1,0,0.0,2,167.6,100,42.0,7.73,17.3
65,1,0,0.0,1,136.1,112,47.0,13.65,4.4
64,1,0,0.0,1,206.2,76,55.0,11.62,13.6
98,1,1,2.89,2,213.7,61,86.9,12.65,10.7
106,1,0,0.26,1,187.1,104,56.6,12.51,11.0
98,1,0,0.2,0,217.2,121,65.0,15.17,12.4
166,1,0,0.0,0,173.9,103,54.0,13.82,15.3
135,1,0,0.17,2,239.9,91,57.7,8.86,5.9
73,1,1,3.11,0,194.4,104,80.1,8.8,11.5
41,1,0,0.0,1,207.2,138,54.0,10.71,11.9
42,1,0,0.0,2,184.5,98,49.0,10.03,8.8
124,1,0,0.0,0,194.0,103,54.0,12.05,11.9
69,1,0,0.3,2,227.0,122,64.0,12.94,8.9
124,1,0,0.0,1,193.0,97,41.0,4.49,15.3
119,1,0,0.34,1,222.8,122,55.4,8.16,11.2
112,1,1,2.7,2,113.7,117,60.0,7.88,10.0
121,1,1,2.03,3,218.2,88,87.3,17.43,7.5
38,1,0,0.42,5,175.7,109,52.2,10.59,9.2
89,1,0,0.0,2,141.1,92,46.0,12.46,10.8
120,1,0,0.0,1,178.4,97,45.0,8.42,9.3
126,1,0,0.0,0,226.2,88,51.0,7.02,6.4
99,1,0,0.0,1,62.9,81,31.0,11.55,8.5
119,1,0,0.0,3,230.4,117,59.0,11.25,7.6
148,1,0,0.0,2,216.2,95,53.0,9.29,10.0
76,1,0,0.0,2,224.4,121,51.0,7.4,6.7
106,1,1,3.81,4,165.9,126,85.1,10.83,14.1
82,1,1,2.57,2,207.2,111,82.7,12.71,9.5
145,1,1,4.21,2,147.5,90,83.1,8.79,15.6
144,1,0,0.0,2,139.6,96,35.0,6.21,15.0
75,1,0,0.0,1,203.3,70,55.0,11.45,14.3
93,1,1,3.11,1,166.9,101,83.1,13.66,11.5
103,1,0,0.0,0,263.4,118,60.0,8.96,10.3
70,0,0,0.0,2,226.7,98,58.0,11.41,17.6
65,1,0,0.0,2,148.7,80,48.0,12.95,12.7
90,1,1,3.0,0,193.3,66,86.0,13.17,11.1
89,1,0,0.0,3,89.5,66,31.0,8.97,12.3
36,1,0,0.0,2,177.9,129,50.0,11.23,10.8
138,0,0,0.0,2,286.2,61,65.0,9.36,11.0
95,0,0,0.0,4,228.9,134,61.0,12.79,10.1
80,1,0,0.0,0,206.3,97,49.0,7.75,12.4
170,1,0,0.21,0,246.4,107,64.1,11.41,9.1
90,0,1,3.59,0,169.0,104,80.9,9.44,13.3
152,1,1,2.13,1,214.6,108,66.3,4.83,7.9
98,1,1,1.78,2,111.1,105,55.8,10.9,6.6
136,1,0,0.36,2,252.4,74,61.6,8.4,10.7
104,1,0,0.0,2,139.7,78,41.0,10.13,11.3
67,1,1,2.7,2,95.0,94,68.0,14.56,10.0
10,1,0,0.42,1,222.2,127,55.2,7.66,12.9
52,0,0,0.0,0,251.4,118,60.0,9.83,11.0
94,1,0,0.0,0,136.2,114,38.0,8.26,9.6
177,1,1,2.81,1,230.2,106,84.1,9.81,10.4
95,1,0,0.0,6,128.6,115,41.0,10.81,6.3
30,1,0,0.0,3,137.6,108,38.0,8.1,5.8
172,1,0,0.0,0,172.5,85,51.0,12.66,5.9
165,1,0,0.13,1,150.5,75,43.3,9.66,10.3
35,1,1,1.35,2,181.2,76,59.5,8.88,5.0
82,1,0,0.0,0,130.0,110,38.0,9.27,8.3
113,1,0,0.0,1,155.0,93,55.0,16.53,13.5
107,1,1,2.24,0,204.2,57,75.4,10.3,8.3
48,1,0,0.0,4,197.7,64,46.0,6.84,13.2
102,1,0,0.0,2,186.8,92,47.0,8.69,9.7
105,1,1,2.7,0,179.4,113,81.0,13.77,10.0
123,1,1,4.05,0,218.7,79,92.5,8.17,15.0
82,1,0,0.0,0,329.8,73,74.0,10.42,10.6
60,0,0,0.0,1,183.0,110,49.0,10.34,11.1
90,1,1,3.48,1,71.2,82,62.8,9.08,12.9
135,1,0,0.0,1,173.4,107,49.0,11.1,13.7
118,0,0,0.0,0,223.4,98,57.0,11.03,6.3
106,1,0,0.0,1,158.7,74,33.0,3.22,10.2
64,1,0,0.0,5,148.1,73,40.0,8.25,12.3
155,0,1,3.0,1,211.7,121,78.0,6.96,11.1
141,1,0,0.26,3,51.9,108,25.6,8.1,10.1
128,1,1,2.7,1,265.1,110,89.0,9.87,10.0
68,1,0,0.0,1,195.4,116,52.0,10.61,15.1
190,1,0,0.0,1,169.4,102,51.0,12.68,8.9
68,1,1,2.59,2,122.9,93,66.9,11.68,9.6
165,1,0,0.0,0,209.4,67,59.0,13.69,12.8
116,1,0,0.0,1,51.1,106,27.0,10.43,12.3
97,1,0,0.0,1,151.6,107,39.0,7.77,14.7
90,1,0,0.0,1,167.5,96,41.0,6.96,13.0
58,1,0,0.0,0,112.2,95,37.0,10.48,13.9
110,1,0,0.0,2,99.4,62,41.0,13.75,16.7
144,0,1,3.46,0,174.8,127,83.6,10.98,12.8
114,1,0,0.4,1,172.0,145,57.0,13.82,10.1
57,1,1,2.57,0,213.0,115,78.7,9.56,9.5
108,1,0,0.0,1,187.4,101,49.0,10.0,12.6
109,1,0,0.0,1,175.4,125,52.0,12.54,9.8
119,1,1,3.0,0,220.1,128,91.0,13.41,11.1
94,0,0,0.0,1,170.1,113,53.0,13.59,8.7
74,1,0,0.0,0,162.7,102,53.0,14.6,8.7
83,1,0,0.0,1,208.9,71,54.0,10.74,13.0
117,0,0,0.0,1,54.2,100,35.0,15.16,8.6
100,1,1,2.16,0,221.7,100,79.6,11.81,8.0
72,1,0,0.0,4,217.8,93,54.0,9.49,10.4
88,1,0,0.0,1,264.8,124,66.0,12.27,14.8
170,1,1,2.94,4,199.5,119,75.4,6.75,10.9
151,1,0,0.24,4,156.4,108,49.4,11.67,7.7
70,1,0,0.0,3,214.8,87,48.0,6.55,9.4
121,1,0,0.0,1,179.4,70,43.0,7.15,11.2
83,1,0,0.0,3,221.4,103,58.0,11.59,9.8
127,1,0,0.26,1,266.6,106,70.6,13.24,5.9
109,0,1,2.51,0,217.2,138,75.1,7.28,9.3
86,1,1,3.59,1,123.0,158,68.9,6.7,13.3
209,1,0,0.0,0,153.7,105,43.0,9.43,10.7
138,1,0,0.0,3,241.8,93,56.0,8.53,11.8
70,1,0,0.3,2,156.4,108,45.0,8.55,8.6
23,1,0,0.0,2,321.6,107,77.0,12.58,11.3
84,1,0,0.16,2,130.2,105,47.6,13.9,14.0
133,0,0,0.0,1,127.3,108,43.0,12.57,10.3
186,1,0,0.0,1,137.8,97,40.0,9.39,8.7
124,1,0,0.0,3,178.3,102,51.0,11.75,10.9
99,1,0,0.0,2,190.4,102,46.0,7.91,11.2
75,1,1,3.05,2,121.5,97,74.5,13.57,11.3
102,1,0,0.0,3,242.2,88,61.0,11.66,6.2
133,1,1,1.81,5,239.9,107,81.1,12.69,6.7
82,1,1,1.27,3,232.6,121,65.7,7.66,4.7
74,1,1,3.7,0,234.4,113,100.0,13.3,13.7
120,1,0,0.0,3,203.3,108,57.0,13.0,7.8
150,1,0,0.26,1,146.3,133,45.6,10.14,13.1
98,1,0,0.33,0,236.2,122,60.3,9.47,13.3
119,1,0,0.0,2,287.1,115,63.0,7.97,13.9
48,1,0,0.0,1,240.0,88,53.0,7.05,7.1
68,1,1,2.67,0,239.5,82,85.7,10.19,9.9
74,1,0,0.0,0,155.7,116,42.0,8.69,8.1
108,1,0,0.0,0,210.6,117,50.0,8.21,9.4
127,1,0,0.35,1,134.9,79,45.5,11.08,15.0
19,0,0,0.0,0,237.7,98,59.0,10.36,4.5
85,1,1,1.7,5,283.2,110,86.0,11.99,6.3
50,1,0,0.29,1,295.3,127,64.9,6.37,9.6
128,0,0,0.0,0,245.2,112,51.0,5.08,10.7
148,1,1,3.65,3,230.7,102,96.5,11.69,13.5
104,1,0,0.27,5,280.4,127,65.7,8.97,15.2
117,1,1,2.32,1,80.2,81,56.2,10.95,8.6
145,1,1,2.89,2,216.0,94,84.9,11.26,10.7
80,1,1,2.51,0,196.4,115,72.1,7.52,9.3
172,1,0,0.0,2,270.0,102,68.0,12.83,12.0
117,1,1,3.19,0,216.0,140,87.9,11.21,11.8
134,1,0,0.0,0,202.7,105,54.0,11.25,12.1
94,1,0,0.21,2,190.4,91,43.1,4.6,13.6
35,1,0,0.32,2,149.3,113,49.2,12.11,8.9
130,1,1,2.0,0,185.0,117,73.0,12.48,7.4
72,1,0,0.0,0,207.8,92,52.0,9.79,13.1
157,1,0,0.0,2,240.2,67,54.0,7.65,10.2
68,1,0,0.34,3,231.1,57,56.4,7.67,9.6
62,1,0,0.0,4,245.3,91,53.0,6.15,8.5
115,1,1,2.59,1,142.1,124,65.9,9.17,9.6
125,1,1,2.75,1,120.5,104,67.5,11.39,10.2
160,1,0,0.0,2,171.2,103,50.0,12.18,13.0
141,1,0,0.0,5,242.8,90,62.0,11.71,6.0
88,1,0,0.0,1,218.2,76,52.0,8.47,8.0
115,1,1,3.11,1,222.6,81,86.1,9.52,11.5
143,1,0,0.0,0,209.1,127,45.0,5.31,14.0
26,1,0,0.0,3,234.5,109,59.0,10.83,3.5
123,1,1,3.56,1,305.2,80,101.6,7.83,13.2
153,1,1,2.03,1,167.7,104,70.3,12.34,7.5
119,0,1,3.75,1,172.1,119,86.5,11.18,13.9
115,1,1,1.51,2,133.3,110,54.1,9.29,5.6
142,1,1,2.57,0,239.8,103,91.7,14.3,9.5
53,1,0,0.22,3,205.1,86,51.2,8.03,10.7
112,1,0,0.0,1,243.4,77,57.0,9.11,12.8
114,1,1,2.78,0,154.4,109,73.8,11.07,10.3
90,1,1,1.57,1,150.1,109,64.7,13.24,5.8
95,1,1,2.86,0,262.2,123,87.6,8.26,10.6
167,0,0,0.0,2,244.8,91,47.0,3.04,10.7
99,1,0,0.0,0,182.6,83,45.0,7.73,12.1
78,1,0,0.0,1,108.6,108,37.0,10.5,7.9
197,1,0,0.24,3,154.8,111,43.4,8.58,10.6
67,1,0,0.42,1,167.8,91,47.2,8.39,8.4
102,1,1,1.7,3,125.3,92,51.0,7.06,6.3
42,1,1,2.19,0,163.8,80,64.9,8.89,8.1
86,0,0,0.0,1,266.1,120,61.0,9.1,10.3
124,1,0,0.0,1,188.5,77,48.0,9.1,6.1
27,1,0,0.36,2,226.3,95,65.6,13.72,8.2
138,1,0,0.0,5,194.3,83,50.0,9.5,9.0
144,1,1,1.76,2,189.8,96,60.6,6.17,6.5
159,1,0,0.0,0,114.8,98,36.0,9.63,12.2
80,1,0,0.0,1,161.1,99,45.0,9.94,10.6
27,1,0,0.0,1,82.6,105,32.0,10.2,9.1
111,1,1,1.92,1,127.1,94,61.2,11.42,7.1
73,1,0,0.0,0,254.7,80,51.0,4.51,10.6
99,1,0,0.0,7,115.5,75,39.0,10.91,11.5
24,1,0,0.0,2,149.0,73,37.0,6.55,8.6
100,1,1,2.4,1,213.6,127,76.0,8.8,8.9
107,1,0,0.0,0,133.8,85,39.0,9.03,8.9
16,1,0,0.33,3,161.9,100,51.3,11.51,10.2
149,1,1,1.76,0,148.5,106,52.6,5.73,6.5
128,1,0,0.0,1,187.3,84,55.0,13.54,10.1
150,1,0,0.36,3,126.0,99,45.6,11.93,10.2
125,0,0,0.0,0,187.3,118,46.0,8.04,9.6
103,1,1,3.75,4,110.5,101,74.5,10.42,13.9
139,1,0,0.0,4,181.6,119,60.0,16.79,8.3
121,1,0,0.0,1,168.6,121,43.0,8.43,12.3
125,1,0,0.0,2,126.7,113,35.0,7.78,14.4
111,1,0,0.0,0,176.4,62,48.0,10.05,11.2
10,1,0,0.0,2,186.1,112,48.0,9.51,11.4
16,1,0,0.0,1,209.5,89,51.0,8.64,8.8
85,1,0,0.2,0,259.8,85,67.0,12.12,5.4
124,1,0,0.0,1,160.9,109,40.0,7.21,12.9
70,1,0,0.0,3,134.7,96,43.0,11.8,7.6
25,1,0,0.14,3,119.3,87,40.4,10.58,10.5
147,0,0,0.0,1,183.8,113,46.0,8.24,10.1
105,1,1,2.24,4,109.6,108,62.4,12.47,8.3
122,1,0,0.23,2,140.1,120,46.3,11.57,11.2
82,1,1,1.11,1,146.5,73,57.1,12.32,4.1
125,1,0,0.3,1,140.1,132,45.0,10.48,8.0
122,1,0,0.0,0,145.6,102,49.0,14.24,12.2
179,1,0,0.0,0,219.2,92,50.0,7.47,6.1
94,1,0,0.0,3,108.0,79,39.0,12.1,10.4
66,1,1,2.3,0,141.7,87,70.0,13.42,8.5
115,1,1,3.67,6,170.5,107,84.7,10.86,13.6
43,1,0,0.36,0,230.2,147,58.6,9.34,9.2
88,1,0,0.0,2,172.8,81,46.0,9.67,12.8
149,1,0,0.37,1,207.3,115,56.7,9.92,8.6
162,1,0,0.0,2,135.2,98,44.0,12.1,10.2
44,1,1,3.78,0,221.8,105,89.8,8.09,14.0
157,1,1,4.05,1,219.2,102,95.5,10.3,15.0
116,1,0,0.0,0,201.8,82,54.0,11.58,16.5
94,1,0,0.0,2,220.8,111,51.0,7.81,10.5
74,0,0,0.0,1,125.8,103,40.0,10.39,14.1
45,1,0,0.0,2,159.8,91,38.0,6.02,10.6
87,1,0,0.38,1,231.3,105,57.8,8.59,13.0
112,1,1,2.48,2,181.8,110,75.8,11.41,9.2
89,1,0,0.0,1,134.9,59,37.0,7.8,10.2
72,1,1,3.97,3,220.0,80,95.7,10.87,14.7
90,1,0,0.0,1,140.2,97,43.0,10.7,7.1
62,1,0,0.0,0,100.0,98,32.0,8.68,10.1
157,1,1,1.92,1,194.3,107,73.2,12.16,7.1
141,1,0,0.0,0,146.5,121,40.0,8.5,8.2
126,1,0,0.0,0,161.4,110,47.0,11.03,5.1
87,1,0,0.0,1,237.2,124,60.0,11.13,11.0
113,1,0,0.0,5,61.2,111,19.0,4.62,13.7
148,0,0,0.21,0,233.5,81,58.1,9.39,9.6
40,1,0,0.0,6,81.7,123,32.0,10.51,11.3
128,1,0,0.0,1,148.5,105,46.0,12.15,6.8
85,1,0,0.0,3,225.0,81,54.0,8.85,7.1
163,0,0,0.0,1,197.2,90,50.0,9.43,7.8
74,1,0,0.0,3,262.3,114,62.0,9.95,6.6
83,0,0,0.26,1,271.5,87,67.6,10.82,11.7
76,1,0,0.0,0,186.1,96,50.0,10.58,8.0
109,1,0,0.0,2,222.5,74,53.0,8.49,9.0
106,1,0,0.0,2,147.9,97,43.0,10.47,8.8
151,0,0,0.29,0,218.0,57,49.9,5.72,12.4
141,1,0,0.0,1,215.6,113,54.0,10.03,12.4
133,1,0,0.0,0,227.4,90,45.0,3.66,4.7
120,1,0,0.0,1,134.8,94,41.0,10.21,6.7
182,1,0,0.0,0,69.1,114,32.0,11.52,6.5
96,1,1,3.62,0,108.6,90,72.2,10.32,13.4
105,1,1,3.08,1,141.2,96,69.8,8.39,11.4
13,1,0,0.0,0,303.2,133,67.0,8.53,11.5
63,1,0,0.0,0,261.8,69,66.0,12.25,14.7
46,1,0,0.0,2,250.3,100,65.0,13.03,13.3
101,1,1,3.51,2,114.1,95,69.1,8.08,13.0
38,1,0,0.0,2,131.2,98,37.0,8.15,8.2
22,1,0,0.0,0,110.3,107,33.0,8.33,9.5
57,1,1,3.97,1,179.2,105,94.7,14.16,14.7
185,1,1,3.73,2,151.1,121,84.3,12.24,13.8
100,1,0,0.34,4,107.0,63,31.4,5.29,12.8
66,1,1,1.46,2,254.9,108,78.6,12.16,5.4
78,1,0,0.0,3,137.4,109,44.0,11.88,14.0
74,1,0,0.0,1,203.8,77,53.0,10.26,9.0
190,1,1,2.67,1,116.7,71,59.7,7.3,9.9
96,1,0,0.0,3,150.0,122,45.0,10.93,9.8
163,1,1,3.73,2,219.6,99,93.3,10.52,13.8
108,1,0,0.0,0,169.6,99,52.0,13.21,9.3
83,1,0,0.24,0,259.7,106,60.4,7.64,10.2
185,1,0,0.19,1,139.6,92,46.9,12.51,10.8
116,1,1,1.62,2,183.6,138,65.2,10.19,6.0
125,1,0,0.0,0,240.7,82,64.0,13.47,10.1
13,1,1,3.05,2,176.6,65,75.5,8.64,11.3
52,1,0,0.0,2,217.0,104,50.0,7.62,11.8
125,0,1,4.59,1,260.8,81,104.9,8.19,17.0
108,1,0,0.0,0,239.3,102,60.0,11.17,10.6
27,1,0,0.16,1,236.7,110,61.6,11.6,12.7
136,0,0,0.0,2,183.4,103,44.0,7.1,10.4
106,1,0,0.0,3,212.9,110,53.0,9.35,6.3
107,1,1,2.97,2,219.4,92,82.7,9.03,11.0
144,1,1,2.7,1,219.9,102,84.0,11.11,10.0
106,1,1,2.67,1,81.6,120,60.7,11.78,9.9
79,1,1,3.29,3,103.1,90,71.9,12.15,12.2
55,0,0,0.0,1,221.0,115,52.0,8.27,9.7
54,1,1,3.05,2,117.6,82,64.5,7.96,11.3
103,1,1,3.19,1,138.8,80,67.9,7.1,11.8
78,1,1,2.92,6,210.3,116,82.2,9.61,10.8
120,1,0,0.0,0,221.3,106,61.0,13.38,9.3
147,1,1,2.73,2,197.3,134,73.3,7.06,10.1
111,1,1,3.78,1,205.5,114,91.8,10.97,14.0
112,1,0,0.0,0,167.8,88,50.0,12.4,11.9
132,1,0,0.0,1,121.5,88,43.0,12.65,10.7
89,1,0,0.0,1,197.1,110,48.0,8.3,12.8
116,1,1,2.21,3,155.7,104,65.1,9.27,8.2
165,1,0,0.0,0,207.7,109,50.0,8.24,7.9
91,1,1,1.67,1,146.1,98,65.7,13.87,6.2
116,1,1,2.24,1,200.4,104,80.4,13.64,8.3
85,1,0,0.0,2,236.9,93,58.0,9.89,11.4
50,1,0,0.0,1,183.6,107,37.0,2.93,8.7
149,1,1,3.86,1,198.9,77,96.6,13.7,14.3
91,1,0,0.0,0,149.0,115,47.0,12.27,8.3
123,1,0,0.0,1,194.0,118,54.0,12.1,12.1
161,1,0,0.32,3,221.7,95,58.2,9.65,6.5
150,1,1,1.78,0,209.9,77,67.8,7.9,6.6
131,0,1,3.73,4,292.9,101,104.3,9.99,13.8
67,1,1,2.54,1,230.6,40,81.4,9.46,9.4
87,1,0,0.0,2,322.5,106,73.0,10.23,9.4
84,1,0,0.0,1,216.1,114,54.0,9.88,9.8
119,1,0,0.0,2,109.2,96,32.0,7.66,9.8
122,1,0,0.29,4,157.1,134,45.9,9.25,8.5
74,1,0,0.0,3,230.9,93,59.0,11.15,9.7
118,1,0,0.0,5,267.8,145,73.0,15.82,14.4
45,1,0,0.0,1,96.1,103,38.0,12.34,9.7
78,1,0,0.4,4,103.5,115,32.0,5.9,12.0
79,1,0,0.0,2,236.8,135,57.0,9.32,10.4
77,1,0,0.0,0,245.2,87,64.0,12.71,7.5
116,1,0,0.23,2,217.3,91,58.3,10.81,11.3
106,1,0,0.0,1,169.4,107,46.0,9.86,10.7
139,0,1,3.62,1,203.5,82,88.2,10.02,13.4
120,1,0,0.21,0,185.7,133,54.1,11.76,16.9
124,1,0,0.0,2,254.3,113,50.0,3.95,11.8
96,1,1,3.05,1,183.1,88,74.5,7.37,11.3
116,1,0,0.0,2,229.3,93,55.0,9.23,8.8
127,1,0,0.0,2,202.1,103,54.0,11.47,11.5
63,1,0,0.27,3,211.8,84,58.7,11.55,10.7
122,1,0,0.29,2,107.9,88,41.9,11.79,9.5
108,1,0,0.0,2,240.2,78,61.0,11.52,5.2
58,1,0,0.0,2,238.9,107,57.0,9.36,11.8
100,1,0,0.21,0,160.3,138,49.1,11.07,11.2
101,1,1,4.19,0,200.1,108,92.9,9.45,15.5
131,1,0,0.0,1,131.6,95,38.0,8.97,15.5
99,1,0,0.0,3,238.4,96,62.0,12.33,12.4
58,1,0,0.0,2,165.4,100,38.0,5.79,12.8
149,1,0,0.0,1,140.4,94,47.0,13.59,11.1
81,1,0,0.0,3,183.6,116,45.0,7.63,12.2
160,1,0,0.28,1,121.8,97,31.8,4.47,10.3
86,1,0,0.0,1,150.5,92,36.0,6.02,9.0
137,1,0,0.13,3,115.0,130,33.3,6.89,7.3
126,1,0,0.0,1,321.3,99,69.0,8.4,8.0
196,1,0,0.0,2,234.0,109,61.0,12.48,9.1
141,1,1,2.05,3,149.7,112,60.5,8.13,7.6
92,1,0,0.0,0,208.0,125,53.0,9.95,8.6
98,1,1,1.19,4,161.2,114,60.9,12.61,4.4
48,1,0,0.2,1,275.2,67,65.0,9.01,7.9
103,1,0,0.0,1,160.8,91,41.0,7.79,8.5
121,1,0,0.0,1,150.7,105,43.0,9.87,9.2
61,1,1,2.7,2,252.4,106,86.0,9.39,10.0
85,0,0,0.0,2,216.0,73,53.0,9.41,3.6
75,1,0,0.26,1,209.4,133,56.6,10.58,7.2
64,1,0,0.28,2,97.2,80,35.8,9.31,10.4
29,1,0,0.0,1,157.4,122,40.0,7.25,9.3
146,1,1,2.73,2,180.7,82,73.3,8.69,10.1
9,1,1,3.11,2,88.5,87,62.1,8.94,11.5
134,1,0,0.0,2,164.9,115,39.0,6.33,10.0
37,1,0,0.0,2,239.9,120,64.0,13.08,8.9
177,1,0,0.0,3,266.1,91,65.0,11.26,8.9
80,1,0,0.0,3,51.5,90,23.0,8.2,9.5
94,1,1,4.35,0,233.2,88,93.5,5.67,16.1
41,1,0,0.0,3,223.8,67,59.0,12.24,12.3
91,1,0,0.0,3,231.8,120,53.0,7.53,11.6
79,1,0,0.0,1,220.9,107,54.0,9.61,12.2
177,1,0,0.27,2,84.9,77,39.7,12.88,7.5
55,1,1,1.97,1,207.7,91,72.7,9.99,7.3
147,1,0,0.0,0,274.0,92,67.0,11.59,6.2
81,1,0,0.13,2,198.4,93,53.3,10.55,10.4
45,1,1,2.08,1,91.7,104,49.8,7.53,7.7
108,1,1,2.59,4,162.1,83,68.9,8.59,9.6
110,0,1,2.24,1,267.9,103,90.4,13.17,8.3
61,1,1,2.75,2,105.0,78,61.5,9.03,10.2
101,1,1,1.97,1,262.2,101,77.7,7.85,7.3
78,1,0,0.0,1,130.8,64,42.0,11.19,10.0
61,1,1,2.67,3,163.7,78,64.7,5.66,9.9
87,1,0,0.0,3,184.5,81,46.0,8.6,13.7
204,1,0,0.0,6,174.3,85,52.0,12.71,5.9
80,0,1,2.7,0,184.2,132,73.0,8.38,10.0
103,0,0,0.0,3,171.7,78,42.0,7.23,6.8
142,1,1,2.38,1,224.4,114,74.8,7.3,8.8
87,1,0,0.0,0,58.0,125,16.0,3.38,11.5
36,1,1,1.81,0,149.4,111,55.1,6.59,6.7
85,1,1,2.51,4,89.8,88,61.1,11.66,9.3
151,1,0,0.0,3,235.9,104,47.0,4.03,5.8
130,1,1,2.92,2,152.9,87,74.2,10.66,10.8
132,1,0,0.0,2,176.7,132,51.0,12.21,9.1
100,1,1,2.0,0,177.1,88,65.0,8.19,7.4
180,1,0,0.0,3,143.5,121,41.0,9.47,8.8
47,1,1,2.24,1,172.9,109,64.4,6.88,8.3
129,1,0,0.0,1,168.4,117,48.0,10.86,11.8
130,1,0,0.0,1,154.0,95,44.0,10.3,12.9
134,1,0,0.35,1,208.3,86,60.5,12.68,12.6
30,1,0,0.0,0,247.4,107,58.0,8.8,11.3
65,1,0,0.0,1,111.0,51,38.0,10.99,4.4
57,0,0,0.0,0,115.0,65,30.0,6.12,6.4
119,1,1,2.7,1,178.1,110,76.0,10.64,10.0
